date,session_id,source,medium,campaign,device,sessions,engaged,page_views,duration_seconds,event_name,key_event_click_whatsapp
2026-07-01,100001,instagram,social,(not set),mobile,1,1,1,66.0,no_key_event,0
2026-07-01,100033,instagram,social,(not set),mobile,1,0,1,3.0,no_key_event,0
2026-07-01,100034,google,cpc,Remarketing_Site,mobile,1,0,2,35.0,no_key_event,0
2026-07-01,100035,instagram,social,(not set),mobile,1,0,2,96.0,no_key_event,0
2026-07-01,100036,(direct),(none),(not set),mobile,1,1,1,60.0,no_key_event,0
2026-07-01,100037,google,organic,(not set),mobile,1,1,3,82.0,no_key_event,0
2026-07-01,100038,google,organic,(not set),mobile,1,0,3,35.0,no_key_event,0
2026-07-01,100039,google,organic,(not set),tablet,1,1,1,21.0,no_key_event,0
2026-07-01,100040,google,cpc,Pesquisa_Clareamento,mobile,1,0,2,3.0,no_key_event,0
2026-07-01,100041,instagram,social,(not set),tablet,1,0,1,23.0,no_key_event,0
2026-07-01,100042,facebook,cpc,FB_Implantes_Video,mobile,1,0,2,3.0,no_key_event,0
2026-07-01,100043,instagram,social,(not set),mobile,1,0,1,7.0,no_key_event,0
2026-07-01,100044,google,cpc,Pesquisa_Clareamento,mobile,1,1,3,74.0,no_key_event,0
2026-07-01,100032,instagram,social,(not set),mobile,1,0,1,24.0,no_key_event,0
2026-07-01,100045,google,cpc,Pesquisa_Ortodontia,mobile,1,0,4,3.0,no_key_event,0
2026-07-01,100047,instagram,social,(not set),mobile,1,0,1,36.0,no_key_event,0
2026-07-01,100049,google,organic,(not set),mobile,1,0,1,41.0,no_key_event,0
2026-07-01,100050,instagram,social,(not set),mobile,1,1,1,114.0,no_key_event,0
2026-07-01,100051,instagram,social,(not set),mobile,1,0,4,30.0,no_key_event,0
2026-07-01,100052,instagram,social,(not set),mobile,1,1,1,81.0,no_key_event,0
2026-07-01,100053,google,organic,(not set),mobile,1,1,2,89.0,no_key_event,0
2026-07-01,100054,google,organic,(not set),mobile,1,1,2,106.0,click_whatsapp,1
2026-07-01,100055,google,organic,(not set),desktop,1,1,2,34.0,click_whatsapp,1
2026-07-01,100056,instagram,social,(not set),mobile,1,0,2,59.0,no_key_event,0
2026-07-01,100057,google,organic,(not set),mobile,1,1,4,39.0,no_key_event,0
2026-07-01,100058,(direct),(none),(not set),mobile,1,1,1,77.0,click_whatsapp,1
2026-07-01,100059,google,cpc,Pesquisa_Clareamento,mobile,1,1,2,54.0,no_key_event,0
2026-07-01,100046,google,cpc,Pesquisa_Ortodontia,mobile,1,1,1,52.0,no_key_event,0
2026-07-01,100031,google,cpc,Remarketing_Site,desktop,1,1,1,72.0,no_key_event,0
2026-07-01,100048,instagram,social,(not set),mobile,1,0,4,3.0,no_key_event,0
2026-07-01,100029,facebook,cpc,FB_Promo_Avaliacao,mobile,1,0,1,3.0,no_key_event,0
2026-07-01,100030,google,organic,(not set),desktop,1,1,1,72.0,no_key_event,0
2026-07-01,100002,(direct),(none),(not set),mobile,1,1,2,58.0,no_key_event,0
2026-07-01,100003,google,cpc,Remarketing_Site,mobile,1,1,2,83.0,click_whatsapp,1
2026-07-01,100004,google,organic,(not set),mobile,1,0,1,25.0,no_key_event,0
2026-07-01,100005,google,cpc,Pesquisa_Implantes,tablet,1,0,1,3.0,no_key_event,0
2026-07-01,100006,google,cpc,Remarketing_Site,desktop,1,1,2,51.0,click_whatsapp,1
2026-07-01,100007,instagram,social,(not set),mobile,1,1,3,50.0,no_key_event,0
2026-07-01,100009,google,cpc,Pesquisa_Implantes,mobile,1,0,4,24.0,no_key_event,0
2026-07-01,100010,google,organic,(not set),mobile,1,1,4,48.0,no_key_event,0
2026-07-01,100011,google,cpc,Pesquisa_Implantes,mobile,1,1,1,57.0,no_key_event,0
2026-07-01,100012,instagram,social,(not set),mobile,1,1,3,32.0,no_key_event,0
2026-07-01,100013,google,cpc,Remarketing_Site,mobile,1,0,2,47.0,no_key_event,0
2026-07-01,100014,google,organic,(not set),mobile,1,0,4,3.0,no_key_event,0
2026-07-01,100008,google,cpc,Pesquisa_Clareamento,desktop,1,1,2,88.0,no_key_event,0
2026-07-01,100016,instagram,social,(not set),mobile,1,0,2,56.0,no_key_event,0
2026-07-01,100028,facebook,cpc,FB_Implantes_Video,mobile,1,0,1,40.0,no_key_event,0
2026-07-01,100015,google,cpc,Pesquisa_Clareamento,mobile,1,1,1,48.0,click_whatsapp,1
2026-07-01,100027,google,cpc,Remarketing_Site,mobile,1,1,4,60.0,no_key_event,0
2026-07-01,100026,google,cpc,Remarketing_Site,mobile,1,0,1,20.0,no_key_event,0
2026-07-01,100025,google,organic,(not set),tablet,1,0,1,4.0,no_key_event,0
2026-07-01,100023,google,cpc,Pesquisa_Implantes,mobile,1,0,2,81.0,no_key_event,0
2026-07-01,100022,google,maps,(not set),tablet,1,1,1,71.0,no_key_event,0
2026-07-01,100024,google,organic,(not set),mobile,1,1,2,88.0,no_key_event,0
2026-07-01,100021,google,cpc,Remarketing_Site,mobile,1,0,2,42.0,no_key_event,0
2026-07-01,100020,facebook,cpc,FB_Implantes_Video,desktop,1,0,1,3.0,no_key_event,0
2026-07-01,100019,(direct),(none),(not set),mobile,1,1,1,74.0,no_key_event,0
2026-07-01,100018,google,cpc,Remarketing_Site,mobile,1,1,3,104.0,no_key_event,0
2026-07-01,100017,google,cpc,Pesquisa_Ortodontia,mobile,1,0,2,7.0,no_key_event,0
2026-07-02,100108,google,organic,(not set),mobile,1,0,1,3.0,no_key_event,0
2026-07-02,100111,google,cpc,Remarketing_Site,desktop,1,0,2,5.0,no_key_event,0
2026-07-02,100113,google,cpc,Pesquisa_Clareamento,mobile,1,1,3,23.0,no_key_event,0
2026-07-02,100110,facebook,cpc,FB_Promo_Avaliacao,tablet,1,0,4,14.0,no_key_event,0
2026-07-02,100109,google,cpc,Pesquisa_Implantes,mobile,1,1,2,84.0,no_key_event,0
2026-07-02,100112,google,cpc,Pesquisa_Implantes,mobile,1,0,1,34.0,no_key_event,0
2026-07-02,100107,google,cpc,Pesquisa_Ortodontia,mobile,1,1,4,51.0,no_key_event,0
2026-07-02,100101,google,organic,(not set),mobile,1,0,1,19.0,no_key_event,0
2026-07-02,100105,facebook,cpc,FB_Implantes_Video,mobile,1,1,2,55.0,no_key_event,0
2026-07-02,100104,(direct),(none),(not set),mobile,1,1,4,92.0,no_key_event,0
2026-07-02,100103,google,cpc,Pesquisa_Clareamento,mobile,1,1,3,74.0,no_key_event,0
2026-07-02,100102,google,cpc,Pesquisa_Implantes,desktop,1,1,1,29.0,no_key_event,0
2026-07-02,100100,google,organic,(not set),mobile,1,1,2,37.0,no_key_event,0
2026-07-02,100114,facebook,cpc,FB_Implantes_Video,mobile,1,0,1,11.0,no_key_event,0
2026-07-02,100099,google,cpc,Remarketing_Site,mobile,1,1,1,103.0,no_key_event,0
2026-07-02,100106,google,organic,(not set),mobile,1,1,1,44.0,no_key_event,0
2026-07-02,100115,google,cpc,Pesquisa_Ortodontia,mobile,1,0,1,3.0,no_key_event,0
2026-07-02,100130,google,maps,(not set),mobile,1,1,1,82.0,no_key_event,0
2026-07-02,100117,facebook,cpc,FB_Implantes_Video,mobile,1,1,2,81.0,no_key_event,0
2026-07-02,100098,google,cpc,Pesquisa_Ortodontia,mobile,1,1,1,92.0,no_key_event,0
2026-07-02,100133,instagram,social,(not set),mobile,1,0,2,11.0,no_key_event,0
2026-07-02,100132,google,cpc,Pesquisa_Clareamento,mobile,1,0,3,23.0,no_key_event,0
2026-07-02,100131,google,organic,(not set),mobile,1,0,1,17.0,no_key_event,0
2026-07-02,100129,google,cpc,Pesquisa_Implantes,mobile,1,0,2,3.0,click_whatsapp,1
2026-07-02,100128,google,cpc,Pesquisa_Ortodontia,mobile,1,0,1,61.0,no_key_event,0
2026-07-02,100127,google,cpc,Pesquisa_Clareamento,mobile,1,1,4,61.0,no_key_event,0
2026-07-02,100116,facebook,cpc,FB_Promo_Avaliacao,mobile,1,0,2,9.0,no_key_event,0
2026-07-02,100126,google,cpc,Pesquisa_Implantes,mobile,1,0,1,33.0,no_key_event,0
2026-07-02,100124,instagram,social,(not set),desktop,1,0,4,67.0,no_key_event,0
2026-07-02,100123,instagram,social,(not set),desktop,1,1,2,36.0,no_key_event,0
2026-07-02,100122,instagram,social,(not set),mobile,1,0,3,86.0,no_key_event,0
2026-07-02,100121,google,cpc,Pesquisa_Ortodontia,mobile,1,0,2,24.0,no_key_event,0
2026-07-02,100120,google,organic,(not set),mobile,1,0,2,16.0,no_key_event,0
2026-07-02,100119,google,organic,(not set),mobile,1,1,2,70.0,no_key_event,0
2026-07-02,100118,google,cpc,Pesquisa_Ortodontia,desktop,1,1,1,78.0,no_key_event,0
2026-07-02,100125,google,maps,(not set),desktop,1,0,1,83.0,no_key_event,0
2026-07-02,100097,google,cpc,Pesquisa_Ortodontia,mobile,1,0,3,11.0,no_key_event,0
2026-07-02,100081,(direct),(none),(not set),desktop,1,1,2,70.0,no_key_event,0
2026-07-02,100095,google,cpc,Remarketing_Site,desktop,1,1,2,63.0,no_key_event,0
2026-07-02,100074,google,maps,(not set),mobile,1,0,2,44.0,no_key_event,0
2026-07-02,100073,google,maps,(not set),mobile,1,0,1,21.0,no_key_event,0
2026-07-02,100072,facebook,cpc,FB_Implantes_Video,desktop,1,0,2,3.0,no_key_event,0
2026-07-02,100071,instagram,social,(not set),mobile,1,0,1,56.0,no_key_event,0
2026-07-02,100070,google,organic,(not set),mobile,1,1,2,65.0,no_key_event,0
2026-07-02,100069,google,cpc,Pesquisa_Ortodontia,mobile,1,0,2,27.0,no_key_event,0
2026-07-02,100068,facebook,cpc,FB_Promo_Avaliacao,mobile,1,0,1,22.0,no_key_event,0
2026-07-02,100067,google,maps,(not set),mobile,1,1,2,72.0,no_key_event,0
2026-07-02,100066,google,maps,(not set),desktop,1,0,1,26.0,no_key_event,0
2026-07-02,100065,google,organic,(not set),mobile,1,1,1,33.0,no_key_event,0
2026-07-02,100096,instagram,social,(not set),mobile,1,0,2,3.0,no_key_event,0
2026-07-02,100063,google,cpc,Pesquisa_Implantes,mobile,1,0,2,14.0,no_key_event,0
2026-07-02,100062,(direct),(none),(not set),mobile,1,1,1,31.0,no_key_event,0
2026-07-02,100061,google,cpc,Remarketing_Site,desktop,1,0,2,32.0,no_key_event,0
2026-07-02,100060,google,cpc,Remarketing_Site,desktop,1,0,2,18.0,no_key_event,0
2026-07-02,100075,instagram,social,(not set),mobile,1,0,2,17.0,no_key_event,0
2026-07-02,100076,instagram,social,(not set),mobile,1,0,1,44.0,no_key_event,0
2026-07-02,100064,google,cpc,Remarketing_Site,desktop,1,0,1,41.0,no_key_event,0
2026-07-02,100078,facebook,cpc,FB_Implantes_Video,mobile,1,1,1,79.0,no_key_event,0
2026-07-02,100077,google,organic,(not set),mobile,1,0,4,3.0,no_key_event,0
2026-07-02,100094,google,organic,(not set),mobile,1,1,2,63.0,no_key_event,0
2026-07-02,100093,google,organic,(not set),mobile,1,1,3,54.0,no_key_event,0
2026-07-02,100091,google,cpc,Pesquisa_Implantes,mobile,1,1,3,58.0,no_key_event,0
2026-07-02,100090,google,cpc,Pesquisa_Ortodontia,mobile,1,1,2,86.0,no_key_event,0
2026-07-02,100089,facebook,cpc,FB_Implantes_Video,mobile,1,0,4,3.0,no_key_event,0
2026-07-02,100088,google,organic,(not set),mobile,1,1,3,83.0,no_key_event,0
2026-07-02,100087,google,organic,(not set),mobile,1,1,2,63.0,no_key_event,0
2026-07-02,100092,google,cpc,Remarketing_Site,mobile,1,1,1,58.0,no_key_event,0
2026-07-02,100085,google,organic,(not set),mobile,1,1,3,107.0,click_whatsapp,1
2026-07-02,100084,instagram,social,(not set),mobile,1,0,3,12.0,no_key_event,0
2026-07-02,100083,google,cpc,Remarketing_Site,mobile,1,0,1,3.0,no_key_event,0
2026-07-02,100082,facebook,cpc,FB_Promo_Avaliacao,desktop,1,1,1,71.0,no_key_event,0
2026-07-02,100080,google,maps,(not set),mobile,1,1,2,58.0,no_key_event,0
2026-07-02,100086,google,cpc,Remarketing_Site,mobile,1,0,4,41.0,no_key_event,0
2026-07-02,100079,google,cpc,Pesquisa_Implantes,mobile,1,0,1,49.0,no_key_event,0
2026-07-03,100175,(direct),(none),(not set),mobile,1,1,2,75.0,no_key_event,0
2026-07-03,100174,google,cpc,Pesquisa_Clareamento,mobile,1,0,1,7.0,no_key_event,0
2026-07-03,100173,(direct),(none),(not set),mobile,1,0,1,19.0,no_key_event,0
2026-07-03,100172,(direct),(none),(not set),desktop,1,1,2,54.0,no_key_event,0
2026-07-03,100171,google,cpc,Pesquisa_Clareamento,desktop,1,0,2,46.0,no_key_event,0
2026-07-03,100168,google,cpc,Pesquisa_Ortodontia,desktop,1,0,1,16.0,no_key_event,0
2026-07-03,100169,google,cpc,Remarketing_Site,tablet,1,1,1,57.0,no_key_event,0
2026-07-03,100167,google,maps,(not set),mobile,1,1,2,64.0,no_key_event,0
2026-07-03,100166,google,cpc,Pesquisa_Ortodontia,mobile,1,0,4,44.0,no_key_event,0
2026-07-03,100165,google,organic,(not set),mobile,1,1,4,88.0,click_whatsapp,1
2026-07-03,100176,google,cpc,Pesquisa_Ortodontia,mobile,1,0,3,10.0,no_key_event,0
2026-07-03,100170,(direct),(none),(not set),desktop,1,1,4,89.0,no_key_event,0
2026-07-03,100177,google,cpc,Pesquisa_Implantes,mobile,1,0,3,33.0,no_key_event,0
2026-07-03,100185,google,cpc,Pesquisa_Ortodontia,desktop,1,0,2,54.0,no_key_event,0
2026-07-03,100179,facebook,cpc,FB_Promo_Avaliacao,mobile,1,0,2,3.0,no_key_event,0
2026-07-03,100180,google,cpc,Pesquisa_Ortodontia,mobile,1,0,4,36.0,no_key_event,0
2026-07-03,100181,facebook,cpc,FB_Promo_Avaliacao,mobile,1,0,1,74.0,no_key_event,0
2026-07-03,100182,google,cpc,Pesquisa_Implantes,mobile,1,0,1,15.0,no_key_event,0
2026-07-03,100183,instagram,social,(not set),mobile,1,1,2,59.0,no_key_event,0
2026-07-03,100184,google,cpc,Remarketing_Site,desktop,1,1,2,27.0,no_key_event,0
2026-07-03,100186,google,organic,(not set),mobile,1,1,4,81.0,no_key_event,0
2026-07-03,100187,instagram,social,(not set),mobile,1,0,1,7.0,no_key_event,0
2026-07-03,100188,google,cpc,Remarketing_Site,tablet,1,0,1,11.0,no_key_event,0
2026-07-03,100189,google,cpc,Pesquisa_Clareamento,mobile,1,1,1,108.0,click_whatsapp,1
2026-07-03,100190,instagram,social,(not set),mobile,1,0,3,26.0,no_key_event,0
2026-07-03,100164,google,organic,(not set),mobile,1,1,1,81.0,no_key_event,0
2026-07-03,100178,instagram,social,(not set),desktop,1,0,1,10.0,no_key_event,0
2026-07-03,100163,google,organic,(not set),mobile,1,1,1,56.0,no_key_event,0
2026-07-03,100159,google,organic,(not set),mobile,1,1,1,68.0,no_key_event,0
2026-07-03,100161,google,organic,(not set),tablet,1,1,1,94.0,no_key_event,0
2026-07-03,100134,google,cpc,Pesquisa_Ortodontia,mobile,1,1,1,60.0,no_key_event,0
2026-07-03,100135,google,cpc,Pesquisa_Implantes,mobile,1,0,1,18.0,no_key_event,0
2026-07-03,100136,google,cpc,Remarketing_Site,mobile,1,0,1,3.0,no_key_event,0
2026-07-03,100137,google,cpc,Pesquisa_Clareamento,mobile,1,0,2,37.0,no_key_event,0
2026-07-03,100138,google,maps,(not set),mobile,1,1,1,104.0,click_whatsapp,1
2026-07-03,100139,(direct),(none),(not set),mobile,1,1,3,89.0,no_key_event,0
2026-07-03,100140,(direct),(none),(not set),mobile,1,0,1,49.0,no_key_event,0
2026-07-03,100141,google,cpc,Pesquisa_Ortodontia,desktop,1,0,4,3.0,no_key_event,0
2026-07-03,100143,google,cpc,Pesquisa_Ortodontia,mobile,1,1,1,86.0,no_key_event,0
2026-07-03,100144,instagram,social,(not set),mobile,1,0,3,3.0,no_key_event,0
2026-07-03,100145,google,cpc,Remarketing_Site,mobile,1,1,1,69.0,no_key_event,0
2026-07-03,100146,(direct),(none),(not set),desktop,1,1,2,23.0,no_key_event,0
2026-07-03,100147,google,organic,(not set),mobile,1,0,1,3.0,no_key_event,0
2026-07-03,100142,(direct),(none),(not set),mobile,1,0,3,73.0,no_key_event,0
2026-07-03,100149,google,organic,(not set),mobile,1,0,2,46.0,no_key_event,0
2026-07-03,100160,google,organic,(not set),mobile,1,1,2,64.0,no_key_event,0
2026-07-03,100148,instagram,social,(not set),mobile,1,1,1,45.0,no_key_event,0
2026-07-03,100158,google,cpc,Pesquisa_Implantes,desktop,1,1,2,95.0,no_key_event,0
2026-07-03,100157,google,maps,(not set),desktop,1,0,2,14.0,no_key_event,0
2026-07-03,100156,google,cpc,Pesquisa_Implantes,mobile,1,0,1,31.0,no_key_event,0
2026-07-03,100155,google,cpc,Pesquisa_Ortodontia,mobile,1,1,2,81.0,no_key_event,0
2026-07-03,100162,(direct),(none),(not set),mobile,1,1,1,69.0,no_key_event,0
2026-07-03,100153,facebook,cpc,FB_Implantes_Video,tablet,1,0,4,3.0,no_key_event,0
2026-07-03,100152,google,cpc,Pesquisa_Implantes,desktop,1,0,1,12.0,click_whatsapp,1
2026-07-03,100151,google,cpc,Pesquisa_Implantes,mobile,1,0,2,77.0,no_key_event,0
2026-07-03,100150,google,cpc,Remarketing_Site,mobile,1,0,1,7.0,no_key_event,0
2026-07-03,100154,google,organic,(not set),desktop,1,0,2,40.0,no_key_event,0
2026-07-04,100203,google,organic,(not set),mobile,1,1,2,31.0,no_key_event,0
2026-07-04,100212,instagram,social,(not set),mobile,1,1,2,115.0,no_key_event,0
2026-07-04,100211,google,cpc,Pesquisa_Implantes,desktop,1,1,1,108.0,no_key_event,0
2026-07-04,100210,facebook,cpc,FB_Promo_Avaliacao,mobile,1,1,1,85.0,no_key_event,0
2026-07-04,100209,google,cpc,Pesquisa_Clareamento,mobile,1,1,1,57.0,no_key_event,0
2026-07-04,100208,instagram,social,(not set),mobile,1,0,3,70.0,no_key_event,0
2026-07-04,100207,(direct),(none),(not set),mobile,1,1,2,30.0,no_key_event,0
2026-07-04,100206,instagram,social,(not set),mobile,1,1,1,84.0,no_key_event,0
2026-07-04,100205,google,cpc,Pesquisa_Ortodontia,mobile,1,0,1,3.0,no_key_event,0
2026-07-04,100204,google,organic,(not set),mobile,1,1,3,96.0,click_whatsapp,1
2026-07-04,100202,google,organic,(not set),desktop,1,1,2,119.0,no_key_event,0
2026-07-04,100213,(direct),(none),(not set),mobile,1,1,2,50.0,no_key_event,0
2026-07-04,100200,google,cpc,Pesquisa_Ortodontia,desktop,1,1,2,93.0,no_key_event,0
2026-07-04,100199,google,cpc,Pesquisa_Ortodontia,mobile,1,1,1,104.0,no_key_event,0
2026-07-04,100198,google,cpc,Remarketing_Site,mobile,1,1,1,70.0,no_key_event,0
2026-07-04,100197,instagram,social,(not set),mobile,1,1,2,48.0,no_key_event,0
2026-07-04,100196,facebook,cpc,FB_Promo_Avaliacao,mobile,1,1,4,81.0,no_key_event,0
2026-07-04,100195,instagram,social,(not set),mobile,1,0,4,26.0,no_key_event,0
2026-07-04,100194,google,organic,(not set),mobile,1,1,4,98.0,no_key_event,0
2026-07-04,100193,instagram,social,(not set),mobile,1,1,2,36.0,no_key_event,0
2026-07-04,100192,google,maps,(not set),mobile,1,1,2,63.0,no_key_event,0
2026-07-04,100191,facebook,cpc,FB_Promo_Avaliacao,desktop,1,1,2,82.0,no_key_event,0
2026-07-04,100201,google,maps,(not set),mobile,1,1,3,86.0,no_key_event,0
2026-07-05,100226,google,cpc,Pesquisa_Implantes,desktop,1,0,3,34.0,no_key_event,0
2026-07-05,100227,google,cpc,Pesquisa_Clareamento,mobile,1,0,1,28.0,no_key_event,0
2026-07-05,100228,google,cpc,Pesquisa_Implantes,desktop,1,1,1,42.0,click_whatsapp,1
2026-07-05,100229,google,cpc,Remarketing_Site,mobile,1,0,2,3.0,no_key_event,0
2026-07-05,100234,instagram,social,(not set),desktop,1,0,1,15.0,no_key_event,0
2026-07-05,100231,google,organic,(not set),tablet,1,0,3,60.0,no_key_event,0
2026-07-05,100232,google,cpc,Remarketing_Site,mobile,1,1,2,86.0,no_key_event,0
2026-07-05,100225,google,cpc,Pesquisa_Clareamento,mobile,1,1,1,41.0,no_key_event,0
2026-07-05,100230,google,organic,(not set),mobile,1,1,2,70.0,no_key_event,0
2026-07-05,100224,google,organic,(not set),mobile,1,0,4,35.0,no_key_event,0
2026-07-05,100233,instagram,social,(not set),tablet,1,1,1,84.0,click_whatsapp,1
2026-07-05,100222,google,cpc,Pesquisa_Implantes,mobile,1,0,1,41.0,no_key_event,0
2026-07-05,100221,google,cpc,Remarketing_Site,mobile,1,0,4,30.0,no_key_event,0
2026-07-05,100220,google,cpc,Pesquisa_Ortodontia,tablet,1,1,2,48.0,no_key_event,0
2026-07-05,100219,google,cpc,Pesquisa_Implantes,mobile,1,0,2,3.0,no_key_event,0
2026-07-05,100218,google,cpc,Pesquisa_Implantes,mobile,1,1,1,71.0,no_key_event,0
2026-07-05,100217,google,organic,(not set),mobile,1,0,1,15.0,no_key_event,0
2026-07-05,100216,instagram,social,(not set),mobile,1,0,2,47.0,no_key_event,0
2026-07-05,100215,google,organic,(not set),desktop,1,1,1,41.0,no_key_event,0
2026-07-05,100214,(direct),(none),(not set),mobile,1,1,1,65.0,no_key_event,0
2026-07-05,100223,google,maps,(not set),mobile,1,1,2,82.0,no_key_event,0
2026-07-06,100278,facebook,cpc,FB_Promo_Avaliacao,mobile,1,1,1,14.0,no_key_event,0
2026-07-06,100277,google,maps,(not set),tablet,1,1,4,101.0,no_key_event,0
2026-07-06,100276,google,cpc,Pesquisa_Implantes,mobile,1,1,2,74.0,no_key_event,0
2026-07-06,100275,google,organic,(not set),mobile,1,1,2,60.0,no_key_event,0
2026-07-06,100274,instagram,social,(not set),desktop,1,0,2,4.0,no_key_event,0
2026-07-06,100269,google,cpc,Pesquisa_Implantes,desktop,1,1,3,45.0,no_key_event,0
2026-07-06,100272,google,maps,(not set),mobile,1,1,1,95.0,no_key_event,0
2026-07-06,100271,google,cpc,Remarketing_Site,mobile,1,0,2,12.0,no_key_event,0
2026-07-06,100270,google,organic,(not set),mobile,1,1,3,69.0,no_key_event,0
2026-07-06,100279,google,cpc,Pesquisa_Implantes,desktop,1,0,4,3.0,click_whatsapp,1
2026-07-06,100268,facebook,cpc,FB_Promo_Avaliacao,mobile,1,1,4,24.0,no_key_event,0
2026-07-06,100267,google,organic,(not set),mobile,1,1,3,40.0,no_key_event,0
2026-07-06,100273,facebook,cpc,FB_Implantes_Video,mobile,1,1,3,123.0,no_key_event,0
2026-07-06,100280,google,cpc,Pesquisa_Ortodontia,tablet,1,0,1,3.0,no_key_event,0
2026-07-06,100285,(direct),(none),(not set),mobile,1,1,3,92.0,no_key_event,0
2026-07-06,100282,google,cpc,Pesquisa_Clareamento,mobile,1,1,1,79.0,no_key_event,0
2026-07-06,100283,google,organic,(not set),mobile,1,1,4,75.0,click_whatsapp,1
2026-07-06,100284,instagram,social,(not set),mobile,1,0,3,15.0,no_key_event,0
2026-07-06,100286,instagram,social,(not set),mobile,1,0,2,38.0,no_key_event,0
2026-07-06,100287,google,cpc,Pesquisa_Implantes,mobile,1,1,2,40.0,no_key_event,0
2026-07-06,100288,google,cpc,Pesquisa_Implantes,mobile,1,1,2,69.0,no_key_event,0
2026-07-06,100294,google,organic,(not set),mobile,1,1,1,100.0,no_key_event,0
2026-07-06,100289,google,organic,(not set),mobile,1,1,3,66.0,no_key_event,0
2026-07-06,100290,google,cpc,Pesquisa_Implantes,mobile,1,1,3,39.0,no_key_event,0
2026-07-06,100291,(direct),(none),(not set),mobile,1,0,1,58.0,no_key_event,0
2026-07-06,100292,google,cpc,Remarketing_Site,mobile,1,0,1,43.0,no_key_event,0
2026-07-06,100293,facebook,cpc,FB_Promo_Avaliacao,mobile,1,0,3,17.0,no_key_event,0
2026-07-06,100266,google,cpc,Remarketing_Site,mobile,1,0,1,53.0,no_key_event,0
2026-07-06,100281,google,cpc,Pesquisa_Clareamento,tablet,1,0,2,3.0,no_key_event,0
2026-07-06,100265,google,cpc,Pesquisa_Clareamento,mobile,1,1,1,108.0,no_key_event,0
2026-07-06,100240,instagram,social,(not set),mobile,1,0,1,30.0,no_key_event,0
2026-07-06,100263,google,cpc,Pesquisa_Ortodontia,mobile,1,1,1,52.0,no_key_event,0
2026-07-06,100235,google,cpc,Remarketing_Site,mobile,1,0,2,81.0,no_key_event,0
2026-07-06,100264,google,maps,(not set),mobile,1,0,2,18.0,no_key_event,0
2026-07-06,100237,google,cpc,Pesquisa_Clareamento,mobile,1,1,3,55.0,no_key_event,0
2026-07-06,100238,(direct),(none),(not set),mobile,1,0,1,33.0,no_key_event,0
2026-07-06,100239,google,organic,(not set),mobile,1,1,1,103.0,no_key_event,0
2026-07-06,100241,google,organic,(not set),mobile,1,0,1,45.0,no_key_event,0
2026-07-06,100242,facebook,cpc,FB_Implantes_Video,mobile,1,1,2,84.0,no_key_event,0
2026-07-06,100243,(direct),(none),(not set),mobile,1,1,1,94.0,no_key_event,0
2026-07-06,100244,google,cpc,Pesquisa_Implantes,mobile,1,1,1,125.0,no_key_event,0
2026-07-06,100245,google,organic,(not set),mobile,1,1,1,79.0,no_key_event,0
2026-07-06,100246,google,cpc,Pesquisa_Implantes,desktop,1,1,1,100.0,no_key_event,0
2026-07-06,100247,google,cpc,Pesquisa_Ortodontia,mobile,1,0,1,32.0,no_key_event,0
2026-07-06,100248,google,cpc,Remarketing_Site,mobile,1,0,3,44.0,no_key_event,0
2026-07-06,100236,google,cpc,Pesquisa_Clareamento,mobile,1,1,1,94.0,no_key_event,0
2026-07-06,100250,google,cpc,Pesquisa_Clareamento,mobile,1,1,4,72.0,no_key_event,0
2026-07-06,100249,google,cpc,Pesquisa_Clareamento,mobile,1,1,1,69.0,no_key_event,0
2026-07-06,100261,google,cpc,Remarketing_Site,mobile,1,1,2,76.0,no_key_event,0
2026-07-06,100260,instagram,social,(not set),desktop,1,0,1,40.0,no_key_event,0
2026-07-06,100259,instagram,social,(not set),mobile,1,0,4,19.0,no_key_event,0
2026-07-06,100258,google,cpc,Pesquisa_Clareamento,mobile,1,1,1,76.0,no_key_event,0
2026-07-06,100257,google,cpc,Pesquisa_Clareamento,desktop,1,0,2,64.0,no_key_event,0
2026-07-06,100262,(direct),(none),(not set),desktop,1,0,1,3.0,click_whatsapp,1
2026-07-06,100255,google,cpc,Pesquisa_Implantes,mobile,1,1,2,123.0,no_key_event,0
2026-07-06,100254,facebook,cpc,FB_Promo_Avaliacao,mobile,1,1,1,66.0,no_key_event,0
2026-07-06,100253,(direct),(none),(not set),mobile,1,1,2,73.0,no_key_event,0
2026-07-06,100252,google,cpc,Pesquisa_Clareamento,tablet,1,0,4,7.0,no_key_event,0
2026-07-06,100256,google,organic,(not set),desktop,1,0,2,3.0,no_key_event,0
2026-07-06,100251,google,cpc,Pesquisa_Clareamento,mobile,1,0,1,3.0,click_whatsapp,1
2026-07-07,100330,google,maps,(not set),desktop,1,1,2,73.0,click_whatsapp,1
2026-07-07,100329,google,cpc,Remarketing_Site,desktop,1,1,4,61.0,no_key_event,0
2026-07-07,100328,google,cpc,Pesquisa_Ortodontia,mobile,1,0,2,24.0,no_key_event,0
2026-07-07,100327,instagram,social,(not set),mobile,1,0,4,18.0,no_key_event,0
2026-07-07,100325,google,cpc,Remarketing_Site,mobile,1,1,1,72.0,no_key_event,0
2026-07-07,100324,google,cpc,Pesquisa_Ortodontia,desktop,1,1,3,59.0,no_key_event,0
2026-07-07,100323,(direct),(none),(not set),mobile,1,1,1,102.0,no_key_event,0
2026-07-07,100322,google,cpc,Remarketing_Site,mobile,1,0,3,8.0,no_key_event,0
2026-07-07,100331,google,organic,(not set),mobile,1,1,1,72.0,no_key_event,0
2026-07-07,100326,google,cpc,Remarketing_Site,desktop,1,1,2,43.0,no_key_event,0
2026-07-07,100332,google,organic,(not set),desktop,1,1,2,118.0,no_key_event,0
2026-07-07,100340,google,cpc,Pesquisa_Clareamento,mobile,1,0,4,3.0,no_key_event,0
2026-07-07,100334,instagram,social,(not set),mobile,1,1,1,81.0,no_key_event,0
2026-07-07,100335,google,maps,(not set),mobile,1,1,1,44.0,no_key_event,0
2026-07-07,100336,google,cpc,Pesquisa_Implantes,mobile,1,1,1,88.0,no_key_event,0
2026-07-07,100337,instagram,social,(not set),mobile,1,0,4,36.0,no_key_event,0
2026-07-07,100339,google,organic,(not set),mobile,1,1,1,60.0,no_key_event,0
2026-07-07,100341,facebook,cpc,FB_Implantes_Video,mobile,1,1,1,97.0,no_key_event,0
2026-07-07,100342,google,cpc,Pesquisa_Implantes,mobile,1,1,1,29.0,no_key_event,0
2026-07-07,100343,google,cpc,Remarketing_Site,mobile,1,0,1,39.0,no_key_event,0
2026-07-07,100344,google,cpc,Remarketing_Site,mobile,1,1,1,71.0,no_key_event,0
2026-07-07,100321,google,organic,(not set),mobile,1,1,1,100.0,no_key_event,0
2026-07-07,100333,instagram,social,(not set),desktop,1,1,3,29.0,click_whatsapp,1
2026-07-07,100320,google,cpc,Pesquisa_Clareamento,mobile,1,1,1,57.0,no_key_event,0
2026-07-07,100338,google,cpc,Pesquisa_Clareamento,mobile,1,1,1,102.0,no_key_event,0
2026-07-07,100318,facebook,cpc,FB_Implantes_Video,mobile,1,0,3,28.0,no_key_event,0
2026-07-07,100295,instagram,social,(not set),mobile,1,1,1,61.0,no_key_event,0
2026-07-07,100296,google,cpc,Pesquisa_Implantes,mobile,1,1,2,73.0,no_key_event,0
2026-07-07,100297,google,organic,(not set),mobile,1,1,2,52.0,no_key_event,0
2026-07-07,100298,google,cpc,Pesquisa_Implantes,desktop,1,1,2,83.0,no_key_event,0
2026-07-07,100299,google,organic,(not set),mobile,1,0,1,7.0,no_key_event,0
2026-07-07,100319,google,cpc,Pesquisa_Implantes,mobile,1,0,2,3.0,no_key_event,0
2026-07-07,100301,instagram,social,(not set),desktop,1,0,1,66.0,no_key_event,0
2026-07-07,100302,google,cpc,Remarketing_Site,mobile,1,0,1,32.0,no_key_event,0
2026-07-07,100303,google,organic,(not set),mobile,1,0,2,3.0,no_key_event,0
2026-07-07,100304,google,cpc,Pesquisa_Clareamento,desktop,1,0,3,15.0,no_key_event,0
2026-07-07,100305,google,organic,(not set),mobile,1,0,1,54.0,no_key_event,0
2026-07-07,100300,google,cpc,Remarketing_Site,mobile,1,0,2,3.0,no_key_event,0
2026-07-07,100307,instagram,social,(not set),tablet,1,1,1,55.0,no_key_event,0
2026-07-07,100306,google,organic,(not set),mobile,1,1,3,79.0,no_key_event,0
2026-07-07,100317,google,cpc,Pesquisa_Clareamento,desktop,1,1,3,63.0,click_whatsapp,1
2026-07-07,100316,(direct),(none),(not set),mobile,1,1,1,110.0,no_key_event,0
2026-07-07,100315,google,organic,(not set),desktop,1,1,2,35.0,no_key_event,0
2026-07-07,100313,google,maps,(not set),mobile,1,1,1,130.0,no_key_event,0
2026-07-07,100314,google,cpc,Pesquisa_Ortodontia,mobile,1,1,2,57.0,no_key_event,0
2026-07-07,100312,instagram,social,(not set),tablet,1,0,1,3.0,no_key_event,0
2026-07-07,100311,google,cpc,Pesquisa_Implantes,desktop,1,1,1,112.0,no_key_event,0
2026-07-07,100310,google,cpc,Pesquisa_Implantes,mobile,1,1,3,78.0,no_key_event,0
2026-07-07,100309,google,cpc,Remarketing_Site,mobile,1,1,1,64.0,no_key_event,0
2026-07-07,100308,google,cpc,Remarketing_Site,mobile,1,0,3,49.0,no_key_event,0
2026-07-08,100389,google,cpc,Pesquisa_Implantes,mobile,1,1,2,87.0,no_key_event,0
2026-07-08,100392,google,cpc,Pesquisa_Clareamento,mobile,1,1,1,75.0,no_key_event,0
2026-07-08,100391,google,cpc,Pesquisa_Ortodontia,mobile,1,1,1,22.0,no_key_event,0
2026-07-08,100390,facebook,cpc,FB_Promo_Avaliacao,desktop,1,0,1,49.0,no_key_event,0
2026-07-08,100393,instagram,social,(not set),mobile,1,0,1,3.0,no_key_event,0
2026-07-08,100388,google,maps,(not set),mobile,1,1,4,73.0,click_whatsapp,1
2026-07-08,100382,google,cpc,Pesquisa_Ortodontia,desktop,1,0,2,3.0,no_key_event,0
2026-07-08,100386,google,cpc,Pesquisa_Implantes,mobile,1,0,1,24.0,no_key_event,0
2026-07-08,100385,google,cpc,Pesquisa_Ortodontia,mobile,1,1,3,86.0,no_key_event,0
2026-07-08,100384,google,organic,(not set),tablet,1,1,1,79.0,no_key_event,0
2026-07-08,100383,instagram,social,(not set),desktop,1,0,2,52.0,no_key_event,0
2026-07-08,100381,google,organic,(not set),tablet,1,0,2,3.0,no_key_event,0
2026-07-08,100394,google,cpc,Pesquisa_Ortodontia,mobile,1,1,2,58.0,no_key_event,0
2026-07-08,100387,instagram,social,(not set),mobile,1,1,3,106.0,no_key_event,0
2026-07-08,100395,google,maps,(not set),mobile,1,1,1,70.0,no_key_event,0
2026-07-08,100407,google,cpc,Pesquisa_Implantes,desktop,1,0,1,35.0,no_key_event,0
2026-07-08,100397,google,cpc,Remarketing_Site,mobile,1,1,1,52.0,no_key_event,0
2026-07-08,100398,google,cpc,Remarketing_Site,desktop,1,1,2,108.0,no_key_event,0
2026-07-08,100399,google,cpc,Pesquisa_Clareamento,mobile,1,0,3,24.0,no_key_event,0
2026-07-08,100400,google,organic,(not set),mobile,1,1,4,92.0,no_key_event,0
2026-07-08,100401,facebook,cpc,FB_Implantes_Video,mobile,1,1,3,66.0,no_key_event,0
2026-07-08,100402,(direct),(none),(not set),mobile,1,1,4,93.0,no_key_event,0
2026-07-08,100403,google,organic,(not set),mobile,1,0,2,33.0,click_whatsapp,1
2026-07-08,100404,instagram,social,(not set),tablet,1,0,3,3.0,no_key_event,0
2026-07-08,100405,google,cpc,Pesquisa_Ortodontia,mobile,1,0,2,3.0,no_key_event,0
2026-07-08,100406,(direct),(none),(not set),mobile,1,1,1,69.0,no_key_event,0
2026-07-08,100379,google,organic,(not set),mobile,1,1,1,78.0,click_whatsapp,1
2026-07-08,100408,google,organic,(not set),desktop,1,1,1,41.0,no_key_event,0
2026-07-08,100409,google,cpc,Pesquisa_Ortodontia,mobile,1,0,1,23.0,no_key_event,0
2026-07-08,100410,google,organic,(not set),mobile,1,1,1,61.0,no_key_event,0
2026-07-08,100396,google,organic,(not set),mobile,1,1,2,95.0,no_key_event,0
2026-07-08,100378,google,cpc,Pesquisa_Implantes,mobile,1,0,2,32.0,no_key_event,0
2026-07-08,100380,google,cpc,Pesquisa_Implantes,mobile,1,0,3,60.0,no_key_event,0
2026-07-08,100376,google,cpc,Remarketing_Site,mobile,1,1,4,82.0,no_key_event,0
2026-07-08,100358,instagram,social,(not set),mobile,1,0,2,34.0,no_key_event,0
2026-07-08,100357,google,cpc,Pesquisa_Ortodontia,mobile,1,0,1,46.0,no_key_event,0
2026-07-08,100356,google,cpc,Remarketing_Site,mobile,1,1,3,40.0,no_key_event,0
2026-07-08,100355,google,cpc,Remarketing_Site,mobile,1,0,2,41.0,no_key_event,0
2026-07-08,100354,(direct),(none),(not set),mobile,1,0,2,3.0,no_key_event,0
2026-07-08,100353,(direct),(none),(not set),mobile,1,1,1,72.0,no_key_event,0
2026-07-08,100359,google,cpc,Pesquisa_Implantes,mobile,1,0,4,49.0,no_key_event,0
2026-07-08,100352,google,cpc,Pesquisa_Implantes,mobile,1,1,2,77.0,no_key_event,0
2026-07-08,100350,google,organic,(not set),mobile,1,1,2,30.0,no_key_event,0
2026-07-08,100349,google,cpc,Pesquisa_Implantes,mobile,1,0,1,15.0,no_key_event,0
2026-07-08,100348,google,maps,(not set),mobile,1,1,2,65.0,no_key_event,0
2026-07-08,100347,instagram,social,(not set),mobile,1,1,2,124.0,no_key_event,0
2026-07-08,100377,google,cpc,Pesquisa_Ortodontia,desktop,1,0,3,3.0,no_key_event,0
2026-07-08,100345,google,cpc,Pesquisa_Ortodontia,desktop,1,0,2,3.0,no_key_event,0
2026-07-08,100351,google,organic,(not set),mobile,1,0,2,27.0,no_key_event,0
2026-07-08,100360,google,cpc,Pesquisa_Clareamento,mobile,1,1,1,26.0,no_key_event,0
2026-07-08,100346,google,cpc,Pesquisa_Clareamento,mobile,1,0,2,17.0,no_key_event,0
2026-07-08,100362,google,organic,(not set),mobile,1,1,1,92.0,no_key_event,0
2026-07-08,100361,instagram,social,(not set),mobile,1,0,2,33.0,no_key_event,0
2026-07-08,100374,google,organic,(not set),mobile,1,0,1,29.0,no_key_event,0
2026-07-08,100373,instagram,social,(not set),mobile,1,0,1,19.0,no_key_event,0
2026-07-08,100372,google,organic,(not set),mobile,1,1,4,33.0,click_whatsapp,1
2026-07-08,100371,google,cpc,Pesquisa_Ortodontia,desktop,1,1,2,34.0,no_key_event,0
2026-07-08,100370,google,cpc,Pesquisa_Clareamento,mobile,1,1,1,80.0,no_key_event,0
2026-07-08,100375,facebook,cpc,FB_Promo_Avaliacao,mobile,1,1,1,71.0,no_key_event,0
2026-07-08,100368,google,cpc,Pesquisa_Implantes,mobile,1,0,1,50.0,no_key_event,0
2026-07-08,100367,(direct),(none),(not set),mobile,1,1,1,34.0,no_key_event,0
2026-07-08,100366,google,cpc,Pesquisa_Clareamento,mobile,1,1,1,68.0,no_key_event,0
2026-07-08,100365,facebook,cpc,FB_Promo_Avaliacao,desktop,1,0,2,13.0,no_key_event,0
2026-07-08,100364,instagram,social,(not set),mobile,1,0,1,64.0,no_key_event,0
2026-07-08,100363,facebook,cpc,FB_Implantes_Video,mobile,1,0,2,3.0,no_key_event,0
2026-07-08,100369,(direct),(none),(not set),mobile,1,1,2,70.0,no_key_event,0
2026-07-09,100454,google,cpc,Pesquisa_Ortodontia,mobile,1,0,2,36.0,no_key_event,0
2026-07-09,100453,google,cpc,Pesquisa_Implantes,mobile,1,0,1,40.0,no_key_event,0
2026-07-09,100452,google,maps,(not set),mobile,1,1,1,94.0,no_key_event,0
2026-07-09,100451,google,cpc,Remarketing_Site,desktop,1,0,1,3.0,no_key_event,0
2026-07-09,100450,google,maps,(not set),mobile,1,1,1,61.0,no_key_event,0
2026-07-09,100447,google,cpc,Remarketing_Site,mobile,1,1,1,86.0,no_key_event,0
2026-07-09,100448,google,maps,(not set),mobile,1,1,2,26.0,no_key_event,0
2026-07-09,100446,google,cpc,Pesquisa_Implantes,desktop,1,1,2,48.0,no_key_event,0
2026-07-09,100445,(direct),(none),(not set),mobile,1,1,1,80.0,click_whatsapp,1
2026-07-09,100444,google,cpc,Pesquisa_Ortodontia,desktop,1,0,1,3.0,no_key_event,0
2026-07-09,100455,google,cpc,Pesquisa_Implantes,desktop,1,1,1,80.0,no_key_event,0
2026-07-09,100443,google,cpc,Remarketing_Site,mobile,1,0,1,9.0,no_key_event,0
2026-07-09,100449,google,cpc,Pesquisa_Ortodontia,mobile,1,1,1,53.0,no_key_event,0
2026-07-09,100456,google,cpc,Pesquisa_Implantes,mobile,1,0,2,3.0,no_key_event,0
2026-07-09,100463,google,cpc,Pesquisa_Implantes,mobile,1,0,1,9.0,no_key_event,0
2026-07-09,100458,google,cpc,Pesquisa_Implantes,desktop,1,1,4,92.0,no_key_event,0
2026-07-09,100459,google,organic,(not set),tablet,1,1,1,84.0,no_key_event,0
2026-07-09,100460,(direct),(none),(not set),mobile,1,1,3,58.0,no_key_event,0
2026-07-09,100461,google,cpc,Pesquisa_Ortodontia,desktop,1,1,2,48.0,no_key_event,0
2026-07-09,100462,(direct),(none),(not set),desktop,1,1,4,60.0,no_key_event,0
2026-07-09,100464,instagram,social,(not set),mobile,1,0,1,65.0,no_key_event,0
2026-07-09,100465,google,cpc,Pesquisa_Ortodontia,mobile,1,0,1,3.0,no_key_event,0
2026-07-09,100466,instagram,social,(not set),mobile,1,0,3,19.0,no_key_event,0
2026-07-09,100467,google,maps,(not set),mobile,1,0,2,13.0,no_key_event,0
2026-07-09,100468,google,cpc,Pesquisa_Implantes,mobile,1,1,1,67.0,no_key_event,0
2026-07-09,100469,google,cpc,Pesquisa_Clareamento,mobile,1,1,2,33.0,no_key_event,0
2026-07-09,100470,google,cpc,Remarketing_Site,desktop,1,1,1,107.0,no_key_event,0
2026-07-09,100442,facebook,cpc,FB_Promo_Avaliacao,desktop,1,0,1,42.0,no_key_event,0
2026-07-09,100457,google,cpc,Remarketing_Site,desktop,1,1,4,68.0,no_key_event,0
2026-07-09,100441,google,organic,(not set),desktop,1,1,3,74.0,no_key_event,0
2026-07-09,100411,google,organic,(not set),mobile,1,1,2,84.0,no_key_event,0
2026-07-09,100439,google,cpc,Pesquisa_Implantes,mobile,1,0,1,20.0,no_key_event,0
2026-07-09,100440,google,organic,(not set),mobile,1,1,2,65.0,no_key_event,0
2026-07-09,100412,facebook,cpc,FB_Promo_Avaliacao,mobile,1,0,1,80.0,no_key_event,0
2026-07-09,100413,google,cpc,Remarketing_Site,mobile,1,1,1,89.0,no_key_event,0
2026-07-09,100414,google,organic,(not set),mobile,1,1,1,50.0,no_key_event,0
2026-07-09,100415,google,cpc,Pesquisa_Implantes,mobile,1,1,1,73.0,no_key_event,0
2026-07-09,100416,facebook,cpc,FB_Promo_Avaliacao,mobile,1,0,2,34.0,no_key_event,0
2026-07-09,100417,(direct),(none),(not set),mobile,1,0,2,69.0,no_key_event,0
2026-07-09,100419,facebook,cpc,FB_Promo_Avaliacao,mobile,1,0,2,3.0,no_key_event,0
2026-07-09,100420,google,organic,(not set),mobile,1,1,2,86.0,no_key_event,0
2026-07-09,100421,instagram,social,(not set),desktop,1,1,3,48.0,no_key_event,0
2026-07-09,100422,google,maps,(not set),mobile,1,1,4,101.0,no_key_event,0
2026-07-09,100423,google,organic,(not set),mobile,1,0,2,3.0,no_key_event,0
2026-07-09,100424,google,organic,(not set),mobile,1,1,1,52.0,no_key_event,0
2026-07-09,100418,google,cpc,Pesquisa_Ortodontia,mobile,1,1,1,67.0,no_key_event,0
2026-07-09,100426,google,organic,(not set),mobile,1,1,2,93.0,no_key_event,0
2026-07-09,100438,instagram,social,(not set),mobile,1,0,1,3.0,no_key_event,0
2026-07-09,100425,google,maps,(not set),tablet,1,0,2,51.0,no_key_event,0
2026-07-09,100437,google,cpc,Pesquisa_Implantes,mobile,1,0,1,3.0,no_key_event,0
2026-07-09,100436,google,maps,(not set),mobile,1,1,2,67.0,no_key_event,0
2026-07-09,100435,(direct),(none),(not set),mobile,1,1,4,33.0,no_key_event,0
2026-07-09,100433,facebook,cpc,FB_Promo_Avaliacao,desktop,1,1,4,96.0,no_key_event,0
2026-07-09,100434,google,cpc,Pesquisa_Clareamento,mobile,1,0,2,6.0,no_key_event,0
2026-07-09,100431,google,maps,(not set),desktop,1,1,1,84.0,no_key_event,0
2026-07-09,100430,google,maps,(not set),mobile,1,0,3,20.0,no_key_event,0
2026-07-09,100429,google,cpc,Pesquisa_Clareamento,mobile,1,1,2,85.0,no_key_event,0
2026-07-09,100428,instagram,social,(not set),mobile,1,0,2,20.0,no_key_event,0
2026-07-09,100427,instagram,social,(not set),mobile,1,0,4,18.0,no_key_event,0
2026-07-09,100432,google,cpc,Pesquisa_Ortodontia,mobile,1,0,3,27.0,no_key_event,0
2026-07-10,100518,google,cpc,Pesquisa_Ortodontia,mobile,1,0,1,52.0,no_key_event,0
2026-07-10,100514,google,cpc,Remarketing_Site,mobile,1,1,1,96.0,no_key_event,0
2026-07-10,100517,google,organic,(not set),mobile,1,1,2,66.0,no_key_event,0
2026-07-10,100516,google,organic,(not set),mobile,1,1,4,76.0,no_key_event,0
2026-07-10,100515,google,cpc,Remarketing_Site,mobile,1,0,2,3.0,no_key_event,0
2026-07-10,100513,instagram,social,(not set),mobile,1,0,3,3.0,no_key_event,0
2026-07-10,100508,instagram,social,(not set),mobile,1,1,2,67.0,no_key_event,0
2026-07-10,100511,google,organic,(not set),mobile,1,1,1,49.0,no_key_event,0
2026-07-10,100537,google,cpc,Pesquisa_Ortodontia,mobile,1,0,1,35.0,no_key_event,0
2026-07-10,100510,facebook,cpc,FB_Implantes_Video,desktop,1,0,1,19.0,no_key_event,0
2026-07-10,100509,google,cpc,Remarketing_Site,mobile,1,1,1,64.0,no_key_event,0
2026-07-10,100507,google,cpc,Pesquisa_Ortodontia,desktop,1,0,1,3.0,no_key_event,0
2026-07-10,100519,facebook,cpc,FB_Promo_Avaliacao,desktop,1,0,3,9.0,no_key_event,0
2026-07-10,100512,instagram,social,(not set),mobile,1,1,1,107.0,no_key_event,0
2026-07-10,100520,google,organic,(not set),mobile,1,0,1,7.0,no_key_event,0
2026-07-10,100535,google,organic,(not set),desktop,1,1,2,74.0,no_key_event,0
2026-07-10,100522,google,organic,(not set),mobile,1,0,1,22.0,no_key_event,0
2026-07-10,100506,google,cpc,Pesquisa_Ortodontia,mobile,1,0,1,5.0,no_key_event,0
2026-07-10,100536,instagram,social,(not set),mobile,1,0,1,3.0,no_key_event,0
2026-07-10,100534,instagram,social,(not set),desktop,1,0,2,3.0,no_key_event,0
2026-07-10,100533,google,organic,(not set),mobile,1,1,4,20.0,no_key_event,0
2026-07-10,100532,google,cpc,Remarketing_Site,mobile,1,1,1,91.0,no_key_event,0
2026-07-10,100531,google,cpc,Remarketing_Site,desktop,1,0,2,3.0,no_key_event,0
2026-07-10,100521,instagram,social,(not set),desktop,1,0,3,63.0,no_key_event,0
2026-07-10,100530,google,organic,(not set),desktop,1,1,3,68.0,no_key_event,0
2026-07-10,100528,google,cpc,Remarketing_Site,mobile,1,1,1,108.0,no_key_event,0
2026-07-10,100527,google,organic,(not set),mobile,1,0,4,3.0,no_key_event,0
2026-07-10,100526,google,cpc,Pesquisa_Clareamento,mobile,1,0,2,47.0,no_key_event,0
2026-07-10,100525,google,cpc,Pesquisa_Ortodontia,mobile,1,1,1,44.0,no_key_event,0
2026-07-10,100524,google,cpc,Pesquisa_Ortodontia,mobile,1,1,1,96.0,no_key_event,0
2026-07-10,100523,instagram,social,(not set),tablet,1,0,3,35.0,no_key_event,0
2026-07-10,100529,instagram,social,(not set),mobile,1,0,1,37.0,no_key_event,0
2026-07-10,100505,google,cpc,Remarketing_Site,mobile,1,1,1,69.0,no_key_event,0
2026-07-10,100497,google,cpc,Pesquisa_Clareamento,mobile,1,0,1,3.0,no_key_event,0
2026-07-10,100503,google,organic,(not set),desktop,1,0,3,47.0,no_key_event,0
2026-07-10,100504,google,organic,(not set),mobile,1,0,3,4.0,no_key_event,0
2026-07-10,100471,google,cpc,Pesquisa_Ortodontia,mobile,1,0,1,41.0,no_key_event,0
2026-07-10,100472,google,organic,(not set),mobile,1,1,1,114.0,no_key_event,0
2026-07-10,100473,google,organic,(not set),mobile,1,0,1,34.0,click_whatsapp,1
2026-07-10,100474,google,cpc,Pesquisa_Implantes,mobile,1,0,1,52.0,no_key_event,0
2026-07-10,100475,google,organic,(not set),tablet,1,0,1,3.0,no_key_event,0
2026-07-10,100476,facebook,cpc,FB_Promo_Avaliacao,desktop,1,0,3,16.0,no_key_event,0
2026-07-10,100477,google,organic,(not set),tablet,1,1,1,46.0,no_key_event,0
2026-07-10,100478,instagram,social,(not set),desktop,1,0,1,36.0,no_key_event,0
2026-07-10,100479,google,cpc,Pesquisa_Ortodontia,mobile,1,1,1,87.0,no_key_event,0
2026-07-10,100480,instagram,social,(not set),mobile,1,0,4,57.0,no_key_event,0
2026-07-10,100482,google,organic,(not set),mobile,1,1,3,51.0,no_key_event,0
2026-07-10,100483,(direct),(none),(not set),desktop,1,0,1,28.0,no_key_event,0
2026-07-10,100484,facebook,cpc,FB_Promo_Avaliacao,mobile,1,0,2,42.0,no_key_event,0
2026-07-10,100485,facebook,cpc,FB_Implantes_Video,mobile,1,1,2,49.0,no_key_event,0
2026-07-10,100481,facebook,cpc,FB_Implantes_Video,desktop,1,0,3,44.0,no_key_event,0
2026-07-10,100487,google,cpc,Remarketing_Site,mobile,1,0,2,41.0,no_key_event,0
2026-07-10,100502,instagram,social,(not set),mobile,1,1,1,42.0,no_key_event,0
2026-07-10,100501,facebook,cpc,FB_Promo_Avaliacao,mobile,1,0,2,85.0,no_key_event,0
2026-07-10,100500,google,cpc,Remarketing_Site,mobile,1,1,4,47.0,no_key_event,0
2026-07-10,100486,google,cpc,Pesquisa_Implantes,mobile,1,1,3,9.0,no_key_event,0
2026-07-10,100498,google,organic,(not set),mobile,1,0,2,55.0,no_key_event,0
2026-07-10,100496,google,cpc,Pesquisa_Implantes,mobile,1,1,1,38.0,no_key_event,0
2026-07-10,100495,google,cpc,Pesquisa_Clareamento,mobile,1,1,1,52.0,no_key_event,0
2026-07-10,100499,google,organic,(not set),mobile,1,1,3,76.0,no_key_event,0
2026-07-10,100493,google,organic,(not set),mobile,1,1,1,44.0,no_key_event,0
2026-07-10,100492,(direct),(none),(not set),mobile,1,0,3,20.0,no_key_event,0
2026-07-10,100491,google,maps,(not set),desktop,1,1,1,34.0,no_key_event,0
2026-07-10,100490,(direct),(none),(not set),tablet,1,1,1,95.0,no_key_event,0
2026-07-10,100489,google,organic,(not set),mobile,1,1,1,53.0,no_key_event,0
2026-07-10,100488,facebook,cpc,FB_Promo_Avaliacao,mobile,1,1,1,93.0,no_key_event,0
2026-07-10,100494,google,cpc,Remarketing_Site,mobile,1,1,3,88.0,no_key_event,0
2026-07-11,100550,google,organic,(not set),mobile,1,1,3,27.0,no_key_event,0
2026-07-11,100551,google,organic,(not set),desktop,1,1,1,46.0,no_key_event,0
2026-07-11,100552,google,cpc,Pesquisa_Implantes,mobile,1,0,2,3.0,no_key_event,0
2026-07-11,100553,google,cpc,Pesquisa_Implantes,desktop,1,1,1,94.0,no_key_event,0
2026-07-11,100556,google,cpc,Pesquisa_Ortodontia,tablet,1,1,1,49.0,no_key_event,0
2026-07-11,100555,(direct),(none),(not set),desktop,1,0,1,40.0,no_key_event,0
2026-07-11,100558,google,cpc,Pesquisa_Implantes,mobile,1,1,1,53.0,no_key_event,0
2026-07-11,100549,facebook,cpc,FB_Promo_Avaliacao,desktop,1,0,1,3.0,no_key_event,0
2026-07-11,100554,facebook,cpc,FB_Implantes_Video,mobile,1,0,2,3.0,no_key_event,0
2026-07-11,100548,google,organic,(not set),tablet,1,1,2,74.0,click_whatsapp,1
2026-07-11,100557,google,cpc,Pesquisa_Clareamento,desktop,1,1,1,47.0,no_key_event,0
2026-07-11,100546,google,cpc,Remarketing_Site,mobile,1,1,1,22.0,no_key_event,0
2026-07-11,100547,facebook,cpc,FB_Promo_Avaliacao,mobile,1,1,1,60.0,no_key_event,0
2026-07-11,100539,google,maps,(not set),desktop,1,1,1,105.0,no_key_event,0
2026-07-11,100540,google,cpc,Pesquisa_Clareamento,mobile,1,1,4,65.0,no_key_event,0
2026-07-11,100541,google,cpc,Remarketing_Site,mobile,1,1,1,31.0,no_key_event,0
2026-07-11,100538,google,cpc,Pesquisa_Ortodontia,desktop,1,1,1,110.0,no_key_event,0
2026-07-11,100543,google,cpc,Pesquisa_Implantes,mobile,1,1,1,50.0,no_key_event,0
2026-07-11,100544,google,cpc,Pesquisa_Clareamento,desktop,1,0,1,19.0,no_key_event,0
2026-07-11,100545,google,cpc,Remarketing_Site,mobile,1,1,1,48.0,no_key_event,0
2026-07-11,100542,google,cpc,Remarketing_Site,mobile,1,0,1,3.0,no_key_event,0
2026-07-12,100570,google,maps,(not set),mobile,1,1,1,106.0,no_key_event,0
2026-07-12,100578,google,maps,(not set),mobile,1,1,2,51.0,no_key_event,0
2026-07-12,100577,google,cpc,Pesquisa_Implantes,mobile,1,1,3,78.0,no_key_event,0
2026-07-12,100576,google,cpc,Remarketing_Site,mobile,1,1,1,52.0,no_key_event,0
2026-07-12,100575,google,cpc,Pesquisa_Implantes,mobile,1,0,1,51.0,no_key_event,0
2026-07-12,100574,google,organic,(not set),desktop,1,0,3,40.0,no_key_event,0
2026-07-12,100573,google,organic,(not set),mobile,1,1,1,90.0,no_key_event,0
2026-07-12,100572,google,cpc,Remarketing_Site,mobile,1,1,2,64.0,no_key_event,0
2026-07-12,100571,google,cpc,Remarketing_Site,mobile,1,0,2,3.0,no_key_event,0
2026-07-12,100569,(direct),(none),(not set),desktop,1,0,3,41.0,no_key_event,0
2026-07-12,100579,google,cpc,Pesquisa_Ortodontia,mobile,1,0,1,67.0,no_key_event,0
2026-07-12,100567,google,organic,(not set),desktop,1,1,1,72.0,click_whatsapp,1
2026-07-12,100566,(direct),(none),(not set),mobile,1,1,1,116.0,no_key_event,0
2026-07-12,100565,google,cpc,Pesquisa_Ortodontia,mobile,1,0,1,37.0,no_key_event,0
2026-07-12,100564,(direct),(none),(not set),mobile,1,1,4,65.0,no_key_event,0
2026-07-12,100563,facebook,cpc,FB_Implantes_Video,mobile,1,1,3,108.0,no_key_event,0
2026-07-12,100562,facebook,cpc,FB_Promo_Avaliacao,mobile,1,0,1,70.0,no_key_event,0
2026-07-12,100561,google,cpc,Pesquisa_Implantes,mobile,1,0,1,10.0,no_key_event,0
2026-07-12,100560,google,organic,(not set),tablet,1,1,3,57.0,no_key_event,0
2026-07-12,100559,(direct),(none),(not set),mobile,1,0,2,3.0,no_key_event,0
2026-07-12,100568,(direct),(none),(not set),mobile,1,1,2,76.0,no_key_event,0
2026-07-13,100625,google,cpc,Pesquisa_Implantes,desktop,1,0,2,65.0,no_key_event,0
2026-07-13,100624,google,cpc,Pesquisa_Ortodontia,mobile,1,0,2,3.0,no_key_event,0
2026-07-13,100623,google,organic,(not set),mobile,1,1,1,102.0,no_key_event,0
2026-07-13,100622,google,organic,(not set),mobile,1,1,1,81.0,no_key_event,0
2026-07-13,100621,facebook,cpc,FB_Promo_Avaliacao,mobile,1,0,2,30.0,no_key_event,0
2026-07-13,100616,google,maps,(not set),mobile,1,1,1,77.0,no_key_event,0
2026-07-13,100619,(direct),(none),(not set),mobile,1,1,2,115.0,no_key_event,0
2026-07-13,100618,google,cpc,Pesquisa_Ortodontia,mobile,1,0,1,42.0,no_key_event,0
2026-07-13,100617,(direct),(none),(not set),desktop,1,1,1,49.0,no_key_event,0
2026-07-13,100626,instagram,social,(not set),mobile,1,0,1,29.0,no_key_event,0
2026-07-13,100615,google,cpc,Pesquisa_Implantes,mobile,1,0,1,3.0,no_key_event,0
2026-07-13,100614,google,cpc,Pesquisa_Implantes,desktop,1,1,1,112.0,no_key_event,0
2026-07-13,100620,google,organic,(not set),mobile,1,0,2,24.0,no_key_event,0
2026-07-13,100627,google,cpc,Remarketing_Site,tablet,1,0,2,3.0,no_key_event,0
2026-07-13,100642,instagram,social,(not set),mobile,1,0,1,11.0,no_key_event,0
2026-07-13,100629,google,organic,(not set),mobile,1,1,1,117.0,no_key_event,0
2026-07-13,100630,google,cpc,Remarketing_Site,desktop,1,1,1,100.0,no_key_event,0
2026-07-13,100631,google,cpc,Pesquisa_Clareamento,desktop,1,1,1,74.0,no_key_event,0
2026-07-13,100632,google,cpc,Remarketing_Site,mobile,1,0,4,29.0,no_key_event,0
2026-07-13,100633,google,organic,(not set),mobile,1,1,3,97.0,no_key_event,0
2026-07-13,100634,google,cpc,Pesquisa_Ortodontia,mobile,1,0,1,36.0,no_key_event,0
2026-07-13,100635,google,cpc,Remarketing_Site,mobile,1,1,4,118.0,no_key_event,0
2026-07-13,100636,google,cpc,Pesquisa_Ortodontia,desktop,1,0,2,3.0,no_key_event,0
2026-07-13,100637,google,cpc,Remarketing_Site,mobile,1,0,3,3.0,no_key_event,0
2026-07-13,100638,google,organic,(not set),desktop,1,1,1,56.0,no_key_event,0
2026-07-13,100639,google,organic,(not set),mobile,1,0,1,3.0,no_key_event,0
2026-07-13,100640,google,cpc,Remarketing_Site,mobile,1,0,4,3.0,no_key_event,0
2026-07-13,100641,google,cpc,Pesquisa_Clareamento,mobile,1,0,2,3.0,no_key_event,0
2026-07-13,100613,google,cpc,Pesquisa_Clareamento,mobile,1,1,2,60.0,no_key_event,0
2026-07-13,100628,google,organic,(not set),mobile,1,1,1,43.0,click_whatsapp,1
2026-07-13,100612,google,organic,(not set),mobile,1,1,3,3.0,no_key_event,0
2026-07-13,100590,instagram,social,(not set),mobile,1,0,1,3.0,no_key_event,0
2026-07-13,100610,google,cpc,Pesquisa_Ortodontia,desktop,1,1,2,40.0,no_key_event,0
2026-07-13,100611,google,cpc,Remarketing_Site,mobile,1,0,3,12.0,no_key_event,0
2026-07-13,100580,(direct),(none),(not set),mobile,1,1,1,66.0,no_key_event,0
2026-07-13,100581,google,organic,(not set),mobile,1,0,1,22.0,no_key_event,0
2026-07-13,100582,google,cpc,Pesquisa_Implantes,mobile,1,0,2,30.0,no_key_event,0
2026-07-13,100583,facebook,cpc,FB_Promo_Avaliacao,mobile,1,0,4,11.0,no_key_event,0
2026-07-13,100584,google,cpc,Pesquisa_Implantes,tablet,1,1,1,70.0,no_key_event,0
2026-07-13,100585,google,cpc,Pesquisa_Implantes,tablet,1,0,1,8.0,no_key_event,0
2026-07-13,100586,facebook,cpc,FB_Promo_Avaliacao,desktop,1,0,3,22.0,no_key_event,0
2026-07-13,100588,google,cpc,Pesquisa_Clareamento,desktop,1,0,3,6.0,no_key_event,0
2026-07-13,100589,google,organic,(not set),mobile,1,1,4,75.0,no_key_event,0
2026-07-13,100591,google,organic,(not set),desktop,1,0,1,3.0,no_key_event,0
2026-07-13,100592,google,cpc,Pesquisa_Clareamento,mobile,1,0,3,3.0,no_key_event,0
2026-07-13,100593,google,cpc,Pesquisa_Implantes,mobile,1,1,2,52.0,no_key_event,0
2026-07-13,100594,google,cpc,Remarketing_Site,mobile,1,0,1,3.0,no_key_event,0
2026-07-13,100587,google,cpc,Remarketing_Site,desktop,1,0,2,4.0,no_key_event,0
2026-07-13,100596,google,maps,(not set),mobile,1,0,3,54.0,no_key_event,0
2026-07-13,100609,google,cpc,Pesquisa_Clareamento,mobile,1,1,2,43.0,no_key_event,0
2026-07-13,100595,(direct),(none),(not set),mobile,1,1,1,62.0,no_key_event,0
2026-07-13,100608,google,cpc,Pesquisa_Clareamento,mobile,1,0,4,40.0,no_key_event,0
2026-07-13,100607,(direct),(none),(not set),mobile,1,1,1,61.0,no_key_event,0
2026-07-13,100606,facebook,cpc,FB_Implantes_Video,mobile,1,1,2,82.0,no_key_event,0
2026-07-13,100604,instagram,social,(not set),mobile,1,0,1,11.0,no_key_event,0
2026-07-13,100603,instagram,social,(not set),mobile,1,0,1,11.0,no_key_event,0
2026-07-13,100605,google,cpc,Pesquisa_Clareamento,desktop,1,0,2,11.0,no_key_event,0
2026-07-13,100601,google,cpc,Pesquisa_Ortodontia,mobile,1,0,1,47.0,no_key_event,0
2026-07-13,100600,google,cpc,Remarketing_Site,mobile,1,0,3,45.0,no_key_event,0
2026-07-13,100599,facebook,cpc,FB_Promo_Avaliacao,mobile,1,0,3,13.0,no_key_event,0
2026-07-13,100598,google,organic,(not set),desktop,1,1,2,60.0,no_key_event,0
2026-07-13,100597,google,cpc,Pesquisa_Clareamento,desktop,1,0,1,55.0,no_key_event,0
2026-07-13,100602,google,maps,(not set),mobile,1,1,3,71.0,no_key_event,0
2026-07-14,100691,google,cpc,Pesquisa_Implantes,desktop,1,1,2,47.0,no_key_event,0
2026-07-14,100687,google,organic,(not set),mobile,1,1,1,35.0,no_key_event,0
2026-07-14,100690,google,cpc,Pesquisa_Implantes,mobile,1,1,2,69.0,no_key_event,0
2026-07-14,100689,google,cpc,Pesquisa_Implantes,mobile,1,0,3,3.0,no_key_event,0
2026-07-14,100688,facebook,cpc,FB_Promo_Avaliacao,mobile,1,1,2,78.0,no_key_event,0
2026-07-14,100686,google,cpc,Pesquisa_Ortodontia,mobile,1,1,2,44.0,no_key_event,0
2026-07-14,100679,instagram,social,(not set),mobile,1,1,2,61.0,no_key_event,0
2026-07-14,100684,instagram,social,(not set),mobile,1,0,1,8.0,no_key_event,0
2026-07-14,100683,facebook,cpc,FB_Implantes_Video,desktop,1,0,4,69.0,no_key_event,0
2026-07-14,100682,google,cpc,Remarketing_Site,desktop,1,0,1,20.0,no_key_event,0
2026-07-14,100681,google,maps,(not set),mobile,1,1,2,65.0,no_key_event,0
2026-07-14,100680,instagram,social,(not set),mobile,1,1,3,106.0,no_key_event,0
2026-07-14,100692,instagram,social,(not set),mobile,1,0,1,18.0,no_key_event,0
2026-07-14,100685,google,maps,(not set),mobile,1,1,2,63.0,no_key_event,0
2026-07-14,100694,instagram,social,(not set),mobile,1,1,1,82.0,no_key_event,0
2026-07-14,100710,google,cpc,Remarketing_Site,mobile,1,0,3,37.0,no_key_event,0
2026-07-14,100696,google,cpc,Pesquisa_Clareamento,mobile,1,0,3,3.0,no_key_event,0
2026-07-14,100678,google,maps,(not set),mobile,1,1,2,82.0,click_whatsapp,1
2026-07-14,100709,(direct),(none),(not set),mobile,1,1,3,41.0,click_whatsapp,1
2026-07-14,100708,google,organic,(not set),desktop,1,0,3,82.0,no_key_event,0
2026-07-14,100707,google,cpc,Pesquisa_Ortodontia,mobile,1,0,1,11.0,no_key_event,0
2026-07-14,100706,google,cpc,Pesquisa_Clareamento,desktop,1,0,1,33.0,no_key_event,0
2026-07-14,100705,google,cpc,Pesquisa_Ortodontia,mobile,1,0,2,32.0,no_key_event,0
2026-07-14,100695,google,cpc,Pesquisa_Clareamento,desktop,1,0,1,68.0,no_key_event,0
2026-07-14,100704,google,organic,(not set),mobile,1,1,1,78.0,no_key_event,0
2026-07-14,100702,google,cpc,Pesquisa_Clareamento,mobile,1,0,3,32.0,no_key_event,0
2026-07-14,100701,(direct),(none),(not set),mobile,1,1,2,100.0,no_key_event,0
2026-07-14,100700,google,cpc,Pesquisa_Implantes,mobile,1,1,1,81.0,no_key_event,0
2026-07-14,100699,instagram,social,(not set),mobile,1,1,3,63.0,no_key_event,0
2026-07-14,100698,google,organic,(not set),mobile,1,0,2,44.0,no_key_event,0
2026-07-14,100697,google,cpc,Pesquisa_Ortodontia,mobile,1,0,1,17.0,no_key_event,0
2026-07-14,100703,google,maps,(not set),mobile,1,1,1,35.0,no_key_event,0
2026-07-14,100677,instagram,social,(not set),mobile,1,0,1,21.0,no_key_event,0
2026-07-14,100693,google,cpc,Remarketing_Site,mobile,1,0,1,49.0,no_key_event,0
2026-07-14,100675,google,cpc,Pesquisa_Implantes,mobile,1,1,4,50.0,no_key_event,0
2026-07-14,100657,instagram,social,(not set),mobile,1,1,1,61.0,no_key_event,0
2026-07-14,100656,google,cpc,Pesquisa_Implantes,mobile,1,1,2,107.0,no_key_event,0
2026-07-14,100655,instagram,social,(not set),tablet,1,0,1,3.0,no_key_event,0
2026-07-14,100654,google,organic,(not set),mobile,1,0,1,3.0,no_key_event,0
2026-07-14,100653,google,cpc,Pesquisa_Implantes,desktop,1,0,1,59.0,no_key_event,0
2026-07-14,100652,google,cpc,Pesquisa_Clareamento,mobile,1,1,1,65.0,no_key_event,0
2026-07-14,100658,google,cpc,Pesquisa_Ortodontia,mobile,1,0,2,7.0,no_key_event,0
2026-07-14,100651,google,cpc,Pesquisa_Implantes,mobile,1,0,1,5.0,no_key_event,0
2026-07-14,100649,google,cpc,Pesquisa_Implantes,desktop,1,1,1,89.0,no_key_event,0
2026-07-14,100648,google,cpc,Pesquisa_Implantes,mobile,1,0,4,34.0,no_key_event,0
2026-07-14,100646,google,organic,(not set),mobile,1,0,2,3.0,no_key_event,0
2026-07-14,100645,google,organic,(not set),mobile,1,1,2,74.0,click_whatsapp,1
2026-07-14,100644,facebook,cpc,FB_Promo_Avaliacao,mobile,1,0,1,3.0,no_key_event,0
2026-07-14,100643,google,maps,(not set),mobile,1,1,3,67.0,no_key_event,0
2026-07-14,100650,google,cpc,Pesquisa_Ortodontia,mobile,1,0,4,45.0,no_key_event,0
2026-07-14,100659,google,cpc,Pesquisa_Ortodontia,mobile,1,1,3,20.0,no_key_event,0
2026-07-14,100647,google,organic,(not set),mobile,1,1,1,109.0,no_key_event,0
2026-07-14,100660,google,organic,(not set),mobile,1,1,1,76.0,no_key_event,0
2026-07-14,100676,google,cpc,Pesquisa_Ortodontia,mobile,1,0,1,22.0,no_key_event,0
2026-07-14,100674,google,cpc,Pesquisa_Clareamento,mobile,1,0,3,14.0,no_key_event,0
2026-07-14,100673,facebook,cpc,FB_Promo_Avaliacao,desktop,1,0,2,8.0,no_key_event,0
2026-07-14,100671,google,maps,(not set),desktop,1,1,1,96.0,no_key_event,0
2026-07-14,100670,google,cpc,Pesquisa_Ortodontia,mobile,1,1,2,64.0,no_key_event,0
2026-07-14,100669,facebook,cpc,FB_Implantes_Video,mobile,1,0,1,3.0,no_key_event,0
2026-07-14,100668,google,cpc,Pesquisa_Implantes,mobile,1,0,1,42.0,no_key_event,0
2026-07-14,100672,google,maps,(not set),mobile,1,1,1,138.0,no_key_event,0
2026-07-14,100666,google,organic,(not set),mobile,1,1,3,80.0,no_key_event,0
2026-07-14,100665,google,cpc,Pesquisa_Clareamento,mobile,1,1,1,80.0,no_key_event,0
2026-07-14,100664,google,cpc,Remarketing_Site,mobile,1,1,1,91.0,no_key_event,0
2026-07-14,100663,google,cpc,Pesquisa_Clareamento,desktop,1,0,3,5.0,no_key_event,0
2026-07-14,100662,instagram,social,(not set),desktop,1,0,2,3.0,no_key_event,0
2026-07-14,100667,instagram,social,(not set),desktop,1,0,2,76.0,no_key_event,0
2026-07-14,100661,(direct),(none),(not set),mobile,1,1,1,45.0,no_key_event,0
2026-07-15,100748,google,cpc,Pesquisa_Clareamento,mobile,1,1,2,37.0,no_key_event,0
2026-07-15,100747,instagram,social,(not set),mobile,1,1,2,44.0,no_key_event,0
2026-07-15,100746,google,organic,(not set),desktop,1,1,1,50.0,no_key_event,0
2026-07-15,100745,facebook,cpc,FB_Promo_Avaliacao,mobile,1,1,2,75.0,no_key_event,0
2026-07-15,100744,google,cpc,Pesquisa_Implantes,mobile,1,0,2,31.0,no_key_event,0
2026-07-15,100742,google,cpc,Pesquisa_Implantes,tablet,1,1,1,60.0,no_key_event,0
2026-07-15,100741,google,cpc,Pesquisa_Implantes,mobile,1,0,1,3.0,no_key_event,0
2026-07-15,100740,google,cpc,Remarketing_Site,mobile,1,0,3,24.0,no_key_event,0
2026-07-15,100749,google,cpc,Pesquisa_Clareamento,mobile,1,1,1,60.0,no_key_event,0
2026-07-15,100739,google,cpc,Pesquisa_Clareamento,mobile,1,0,1,3.0,no_key_event,0
2026-07-15,100743,google,maps,(not set),mobile,1,1,3,76.0,no_key_event,0
2026-07-15,100750,google,cpc,Pesquisa_Implantes,mobile,1,1,2,84.0,no_key_event,0
2026-07-15,100758,instagram,social,(not set),mobile,1,0,3,16.0,no_key_event,0
2026-07-15,100752,google,maps,(not set),mobile,1,1,2,108.0,no_key_event,0
2026-07-15,100753,google,cpc,Pesquisa_Implantes,mobile,1,1,2,130.0,no_key_event,0
2026-07-15,100754,google,cpc,Pesquisa_Ortodontia,mobile,1,0,2,3.0,no_key_event,0
2026-07-15,100755,facebook,cpc,FB_Implantes_Video,desktop,1,1,2,65.0,no_key_event,0
2026-07-15,100756,facebook,cpc,FB_Implantes_Video,mobile,1,0,4,6.0,no_key_event,0
2026-07-15,100757,google,organic,(not set),desktop,1,0,1,46.0,no_key_event,0
2026-07-15,100759,instagram,social,(not set),mobile,1,1,2,55.0,no_key_event,0
2026-07-15,100760,google,cpc,Pesquisa_Ortodontia,mobile,1,0,1,18.0,no_key_event,0
2026-07-15,100761,google,cpc,Pesquisa_Clareamento,mobile,1,1,4,62.0,no_key_event,0
2026-07-15,100763,google,cpc,Pesquisa_Implantes,mobile,1,1,1,61.0,no_key_event,0
2026-07-15,100738,(direct),(none),(not set),desktop,1,0,3,3.0,no_key_event,0
2026-07-15,100751,google,cpc,Remarketing_Site,mobile,1,0,1,9.0,no_key_event,0
2026-07-15,100737,google,cpc,Pesquisa_Clareamento,mobile,1,1,1,65.0,no_key_event,0
2026-07-15,100762,(direct),(none),(not set),mobile,1,1,2,63.0,no_key_event,0
2026-07-15,100735,google,maps,(not set),mobile,1,0,2,3.0,no_key_event,0
2026-07-15,100711,instagram,social,(not set),desktop,1,0,3,28.0,no_key_event,0
2026-07-15,100712,(direct),(none),(not set),mobile,1,0,2,33.0,no_key_event,0
2026-07-15,100713,google,cpc,Pesquisa_Ortodontia,mobile,1,1,4,60.0,click_whatsapp,1
2026-07-15,100714,google,cpc,Pesquisa_Clareamento,desktop,1,1,2,132.0,no_key_event,0
2026-07-15,100715,google,organic,(not set),desktop,1,0,3,26.0,no_key_event,0
2026-07-15,100716,facebook,cpc,FB_Implantes_Video,mobile,1,1,4,77.0,no_key_event,0
2026-07-15,100717,google,cpc,Pesquisa_Ortodontia,mobile,1,0,4,3.0,no_key_event,0
2026-07-15,100718,google,cpc,Pesquisa_Ortodontia,mobile,1,1,3,67.0,no_key_event,0
2026-07-15,100719,google,cpc,Pesquisa_Clareamento,mobile,1,1,1,73.0,no_key_event,0
2026-07-15,100720,(direct),(none),(not set),mobile,1,1,2,65.0,no_key_event,0
2026-07-15,100721,instagram,social,(not set),mobile,1,0,1,17.0,no_key_event,0
2026-07-15,100722,google,cpc,Pesquisa_Clareamento,desktop,1,1,2,100.0,no_key_event,0
2026-07-15,100736,instagram,social,(not set),mobile,1,1,1,112.0,no_key_event,0
2026-07-15,100724,google,cpc,Pesquisa_Implantes,mobile,1,0,1,40.0,no_key_event,0
2026-07-15,100723,google,cpc,Pesquisa_Implantes,desktop,1,1,4,89.0,click_whatsapp,1
2026-07-15,100734,google,maps,(not set),desktop,1,1,2,101.0,no_key_event,0
2026-07-15,100733,google,organic,(not set),mobile,1,1,1,73.0,no_key_event,0
2026-07-15,100731,google,cpc,Remarketing_Site,mobile,1,1,4,55.0,click_whatsapp,1
2026-07-15,100730,google,organic,(not set),tablet,1,1,3,77.0,no_key_event,0
2026-07-15,100732,(direct),(none),(not set),mobile,1,0,4,3.0,no_key_event,0
2026-07-15,100728,instagram,social,(not set),mobile,1,0,2,24.0,no_key_event,0
2026-07-15,100727,(direct),(none),(not set),mobile,1,0,1,3.0,no_key_event,0
2026-07-15,100726,google,cpc,Pesquisa_Clareamento,mobile,1,0,1,39.0,no_key_event,0
2026-07-15,100725,facebook,cpc,FB_Implantes_Video,mobile,1,0,2,5.0,no_key_event,0
2026-07-15,100729,facebook,cpc,FB_Promo_Avaliacao,mobile,1,0,3,24.0,no_key_event,0
2026-07-16,100802,google,cpc,Remarketing_Site,desktop,1,1,2,29.0,no_key_event,0
2026-07-16,100805,instagram,social,(not set),mobile,1,0,3,3.0,no_key_event,0
2026-07-16,100804,(direct),(none),(not set),mobile,1,1,2,79.0,no_key_event,0
2026-07-16,100803,google,maps,(not set),mobile,1,0,2,53.0,no_key_event,0
2026-07-16,100801,google,cpc,Pesquisa_Clareamento,mobile,1,1,2,85.0,no_key_event,0
2026-07-16,100796,google,cpc,Pesquisa_Implantes,mobile,1,1,4,43.0,no_key_event,0
2026-07-16,100799,google,cpc,Remarketing_Site,desktop,1,1,2,80.0,no_key_event,0
2026-07-16,100798,google,organic,(not set),desktop,1,0,1,7.0,no_key_event,0
2026-07-16,100797,instagram,social,(not set),mobile,1,1,1,100.0,no_key_event,0
2026-07-16,100806,(direct),(none),(not set),mobile,1,1,3,102.0,click_whatsapp,1
2026-07-16,100795,facebook,cpc,FB_Promo_Avaliacao,mobile,1,0,1,68.0,no_key_event,0
2026-07-16,100800,google,cpc,Pesquisa_Implantes,mobile,1,1,1,64.0,no_key_event,0
2026-07-16,100807,google,maps,(not set),mobile,1,1,1,46.0,no_key_event,0
2026-07-16,100813,google,organic,(not set),desktop,1,1,4,71.0,no_key_event,0
2026-07-16,100809,google,cpc,Pesquisa_Clareamento,mobile,1,0,1,65.0,no_key_event,0
2026-07-16,100810,google,maps,(not set),mobile,1,1,1,61.0,no_key_event,0
2026-07-16,100811,google,cpc,Pesquisa_Implantes,mobile,1,1,1,86.0,no_key_event,0
2026-07-16,100812,google,organic,(not set),mobile,1,1,2,66.0,no_key_event,0
2026-07-16,100814,google,organic,(not set),desktop,1,0,1,22.0,no_key_event,0
2026-07-16,100815,google,organic,(not set),desktop,1,1,1,87.0,no_key_event,0
2026-07-16,100816,facebook,cpc,FB_Promo_Avaliacao,mobile,1,0,1,61.0,no_key_event,0
2026-07-16,100817,google,cpc,Pesquisa_Implantes,mobile,1,1,3,33.0,no_key_event,0
2026-07-16,100818,google,cpc,Pesquisa_Implantes,desktop,1,0,3,3.0,no_key_event,0
2026-07-16,100819,google,cpc,Remarketing_Site,tablet,1,1,3,97.0,no_key_event,0
2026-07-16,100794,(direct),(none),(not set),mobile,1,0,2,14.0,no_key_event,0
2026-07-16,100821,google,cpc,Pesquisa_Implantes,tablet,1,0,1,7.0,no_key_event,0
2026-07-16,100822,google,cpc,Pesquisa_Ortodontia,mobile,1,1,2,62.0,no_key_event,0
2026-07-16,100808,google,cpc,Remarketing_Site,mobile,1,1,4,54.0,click_whatsapp,1
2026-07-16,100820,google,cpc,Pesquisa_Clareamento,desktop,1,1,2,90.0,no_key_event,0
2026-07-16,100792,google,cpc,Remarketing_Site,mobile,1,1,1,36.0,no_key_event,0
2026-07-16,100791,instagram,social,(not set),mobile,1,0,1,34.0,no_key_event,0
2026-07-16,100764,(direct),(none),(not set),desktop,1,1,2,54.0,no_key_event,0
2026-07-16,100793,google,cpc,Pesquisa_Clareamento,tablet,1,1,3,102.0,no_key_event,0
2026-07-16,100766,facebook,cpc,FB_Implantes_Video,mobile,1,0,1,3.0,no_key_event,0
2026-07-16,100767,google,cpc,Pesquisa_Implantes,desktop,1,0,3,3.0,no_key_event,0
2026-07-16,100768,instagram,social,(not set),mobile,1,1,2,63.0,no_key_event,0
2026-07-16,100769,google,cpc,Pesquisa_Ortodontia,mobile,1,0,2,3.0,no_key_event,0
2026-07-16,100770,instagram,social,(not set),mobile,1,0,1,3.0,no_key_event,0
2026-07-16,100771,google,cpc,Pesquisa_Ortodontia,desktop,1,0,2,10.0,no_key_event,0
2026-07-16,100772,instagram,social,(not set),tablet,1,0,2,3.0,no_key_event,0
2026-07-16,100773,google,organic,(not set),mobile,1,1,2,148.0,no_key_event,0
2026-07-16,100774,google,cpc,Pesquisa_Clareamento,mobile,1,1,3,41.0,no_key_event,0
2026-07-16,100775,google,cpc,Remarketing_Site,mobile,1,1,1,83.0,no_key_event,0
2026-07-16,100776,(direct),(none),(not set),mobile,1,0,1,15.0,no_key_event,0
2026-07-16,100765,google,cpc,Remarketing_Site,mobile,1,1,2,61.0,no_key_event,0
2026-07-16,100778,google,cpc,Remarketing_Site,tablet,1,1,1,112.0,no_key_event,0
2026-07-16,100777,google,organic,(not set),mobile,1,1,4,67.0,no_key_event,0
2026-07-16,100789,google,cpc,Remarketing_Site,mobile,1,1,3,85.0,no_key_event,0
2026-07-16,100788,instagram,social,(not set),mobile,1,0,2,29.0,no_key_event,0
2026-07-16,100787,(direct),(none),(not set),mobile,1,1,2,67.0,click_whatsapp,1
2026-07-16,100786,(direct),(none),(not set),mobile,1,1,2,52.0,no_key_event,0
2026-07-16,100785,google,cpc,Pesquisa_Ortodontia,mobile,1,1,1,69.0,no_key_event,0
2026-07-16,100790,google,cpc,Pesquisa_Ortodontia,mobile,1,0,1,3.0,no_key_event,0
2026-07-16,100783,google,cpc,Remarketing_Site,mobile,1,1,1,74.0,no_key_event,0
2026-07-16,100782,google,cpc,Pesquisa_Ortodontia,mobile,1,0,2,13.0,no_key_event,0
2026-07-16,100781,google,cpc,Pesquisa_Implantes,desktop,1,1,2,59.0,no_key_event,0
2026-07-16,100780,facebook,cpc,FB_Promo_Avaliacao,mobile,1,1,2,57.0,click_whatsapp,1
2026-07-16,100779,google,organic,(not set),desktop,1,1,3,61.0,no_key_event,0
2026-07-16,100784,google,organic,(not set),mobile,1,0,2,46.0,no_key_event,0
2026-07-17,100858,(direct),(none),(not set),tablet,1,0,2,3.0,no_key_event,0
2026-07-17,100857,google,maps,(not set),mobile,1,0,1,15.0,no_key_event,0
2026-07-17,100856,google,cpc,Remarketing_Site,desktop,1,0,2,56.0,no_key_event,0
2026-07-17,100855,instagram,social,(not set),tablet,1,0,4,28.0,no_key_event,0
2026-07-17,100853,instagram,social,(not set),mobile,1,1,4,65.0,no_key_event,0
2026-07-17,100852,google,organic,(not set),desktop,1,1,3,106.0,no_key_event,0
2026-07-17,100851,google,cpc,Pesquisa_Clareamento,desktop,1,1,4,54.0,no_key_event,0
2026-07-17,100850,facebook,cpc,FB_Promo_Avaliacao,mobile,1,1,1,59.0,no_key_event,0
2026-07-17,100859,google,cpc,Pesquisa_Ortodontia,mobile,1,1,2,97.0,no_key_event,0
2026-07-17,100854,google,cpc,Pesquisa_Clareamento,mobile,1,0,1,3.0,no_key_event,0
2026-07-17,100860,(direct),(none),(not set),desktop,1,1,1,94.0,no_key_event,0
2026-07-17,100868,instagram,social,(not set),desktop,1,0,4,66.0,no_key_event,0
2026-07-17,100862,instagram,social,(not set),mobile,1,0,1,22.0,no_key_event,0
2026-07-17,100863,instagram,social,(not set),mobile,1,0,2,65.0,no_key_event,0
2026-07-17,100864,facebook,cpc,FB_Promo_Avaliacao,mobile,1,1,1,98.0,no_key_event,0
2026-07-17,100865,google,cpc,Pesquisa_Clareamento,mobile,1,0,1,27.0,no_key_event,0
2026-07-17,100867,instagram,social,(not set),mobile,1,1,1,83.0,no_key_event,0
2026-07-17,100869,facebook,cpc,FB_Implantes_Video,mobile,1,0,3,51.0,no_key_event,0
2026-07-17,100870,google,maps,(not set),mobile,1,1,1,86.0,click_whatsapp,1
2026-07-17,100871,google,cpc,Pesquisa_Implantes,mobile,1,1,4,87.0,no_key_event,0
2026-07-17,100872,facebook,cpc,FB_Promo_Avaliacao,mobile,1,0,1,24.0,no_key_event,0
2026-07-17,100873,google,cpc,Pesquisa_Clareamento,desktop,1,1,1,92.0,no_key_event,0
2026-07-17,100849,instagram,social,(not set),mobile,1,0,4,3.0,no_key_event,0
2026-07-17,100861,google,cpc,Pesquisa_Clareamento,mobile,1,1,4,83.0,no_key_event,0
2026-07-17,100848,google,cpc,Pesquisa_Clareamento,mobile,1,1,1,147.0,no_key_event,0
2026-07-17,100866,google,cpc,Pesquisa_Implantes,tablet,1,0,1,58.0,no_key_event,0
2026-07-17,100846,instagram,social,(not set),desktop,1,0,2,6.0,no_key_event,0
2026-07-17,100823,google,cpc,Pesquisa_Ortodontia,mobile,1,1,1,41.0,no_key_event,0
2026-07-17,100824,facebook,cpc,FB_Promo_Avaliacao,mobile,1,1,1,74.0,no_key_event,0
2026-07-17,100825,google,organic,(not set),tablet,1,0,2,74.0,no_key_event,0
2026-07-17,100826,google,organic,(not set),desktop,1,0,2,17.0,no_key_event,0
2026-07-17,100827,google,cpc,Pesquisa_Clareamento,desktop,1,0,1,3.0,no_key_event,0
2026-07-17,100828,google,organic,(not set),mobile,1,1,3,61.0,no_key_event,0
2026-07-17,100829,google,cpc,Pesquisa_Implantes,mobile,1,1,1,61.0,no_key_event,0
2026-07-17,100847,instagram,social,(not set),mobile,1,1,1,70.0,no_key_event,0
2026-07-17,100831,facebook,cpc,FB_Promo_Avaliacao,mobile,1,1,4,109.0,no_key_event,0
2026-07-17,100832,instagram,social,(not set),mobile,1,0,1,57.0,no_key_event,0
2026-07-17,100833,google,cpc,Pesquisa_Clareamento,desktop,1,1,3,85.0,no_key_event,0
2026-07-17,100830,google,cpc,Remarketing_Site,mobile,1,0,4,22.0,click_whatsapp,1
2026-07-17,100835,(direct),(none),(not set),mobile,1,1,2,49.0,no_key_event,0
2026-07-17,100845,google,cpc,Pesquisa_Clareamento,mobile,1,0,3,15.0,no_key_event,0
2026-07-17,100834,(direct),(none),(not set),mobile,1,1,1,52.0,no_key_event,0
2026-07-17,100843,google,cpc,Pesquisa_Ortodontia,mobile,1,0,1,76.0,no_key_event,0
2026-07-17,100842,google,cpc,Pesquisa_Clareamento,mobile,1,0,2,28.0,no_key_event,0
2026-07-17,100841,google,organic,(not set),mobile,1,1,1,46.0,no_key_event,0
2026-07-17,100844,instagram,social,(not set),mobile,1,0,1,3.0,no_key_event,0
2026-07-17,100839,instagram,social,(not set),tablet,1,1,3,53.0,no_key_event,0
2026-07-17,100838,google,organic,(not set),mobile,1,1,2,56.0,no_key_event,0
2026-07-17,100837,google,organic,(not set),mobile,1,1,2,95.0,no_key_event,0
2026-07-17,100836,instagram,social,(not set),mobile,1,1,2,64.0,no_key_event,0
2026-07-17,100840,(direct),(none),(not set),mobile,1,0,1,24.0,no_key_event,0
2026-07-18,100885,google,cpc,Pesquisa_Clareamento,mobile,1,1,1,76.0,no_key_event,0
2026-07-18,100893,google,cpc,Remarketing_Site,mobile,1,1,1,65.0,no_key_event,0
2026-07-18,100891,google,cpc,Remarketing_Site,mobile,1,1,1,80.0,click_whatsapp,1
2026-07-18,100890,google,cpc,Pesquisa_Implantes,mobile,1,0,1,3.0,no_key_event,0
2026-07-18,100889,google,maps,(not set),mobile,1,1,1,86.0,no_key_event,0
2026-07-18,100888,instagram,social,(not set),mobile,1,0,1,3.0,no_key_event,0
2026-07-18,100887,google,organic,(not set),desktop,1,1,1,66.0,no_key_event,0
2026-07-18,100886,google,cpc,Pesquisa_Ortodontia,mobile,1,1,3,62.0,click_whatsapp,1
2026-07-18,100884,google,cpc,Pesquisa_Implantes,mobile,1,1,1,84.0,no_key_event,0
2026-07-18,100892,instagram,social,(not set),desktop,1,1,1,47.0,no_key_event,0
2026-07-18,100882,facebook,cpc,FB_Promo_Avaliacao,desktop,1,0,1,23.0,no_key_event,0
2026-07-18,100883,google,cpc,Pesquisa_Clareamento,mobile,1,0,4,29.0,no_key_event,0
2026-07-18,100875,google,cpc,Pesquisa_Implantes,mobile,1,1,2,45.0,no_key_event,0
2026-07-18,100876,google,organic,(not set),mobile,1,0,1,34.0,no_key_event,0
2026-07-18,100877,google,organic,(not set),mobile,1,1,2,112.0,no_key_event,0
2026-07-18,100874,google,organic,(not set),mobile,1,1,4,36.0,no_key_event,0
2026-07-18,100879,google,cpc,Pesquisa_Clareamento,mobile,1,0,2,44.0,no_key_event,0
2026-07-18,100880,google,organic,(not set),desktop,1,1,4,67.0,no_key_event,0
2026-07-18,100881,instagram,social,(not set),tablet,1,0,4,15.0,no_key_event,0
2026-07-18,100878,(direct),(none),(not set),mobile,1,1,1,61.0,no_key_event,0
2026-07-19,100915,google,organic,(not set),mobile,1,1,1,71.0,no_key_event,0
2026-07-19,100906,google,organic,(not set),mobile,1,1,4,63.0,no_key_event,0
2026-07-19,100914,instagram,social,(not set),desktop,1,1,2,68.0,no_key_event,0
2026-07-19,100913,google,cpc,Pesquisa_Clareamento,mobile,1,1,2,83.0,no_key_event,0
2026-07-19,100912,google,cpc,Remarketing_Site,mobile,1,1,1,93.0,click_whatsapp,1
2026-07-19,100911,google,cpc,Pesquisa_Clareamento,mobile,1,1,1,98.0,no_key_event,0
2026-07-19,100909,google,cpc,Pesquisa_Implantes,mobile,1,1,4,43.0,no_key_event,0
2026-07-19,100908,google,cpc,Pesquisa_Ortodontia,mobile,1,1,2,82.0,no_key_event,0
2026-07-19,100907,google,organic,(not set),desktop,1,0,4,17.0,no_key_event,0
2026-07-19,100905,google,cpc,Pesquisa_Ortodontia,tablet,1,0,4,15.0,no_key_event,0
2026-07-19,100910,google,cpc,Pesquisa_Implantes,mobile,1,0,1,42.0,no_key_event,0
2026-07-19,100903,google,organic,(not set),mobile,1,0,4,24.0,no_key_event,0
2026-07-19,100904,instagram,social,(not set),mobile,1,1,2,77.0,no_key_event,0
2026-07-19,100895,(direct),(none),(not set),mobile,1,1,2,102.0,no_key_event,0
2026-07-19,100896,google,cpc,Pesquisa_Clareamento,mobile,1,1,2,44.0,no_key_event,0
2026-07-19,100897,instagram,social,(not set),desktop,1,1,4,57.0,no_key_event,0
2026-07-19,100894,google,organic,(not set),tablet,1,0,2,30.0,no_key_event,0
2026-07-19,100899,google,organic,(not set),mobile,1,0,3,69.0,no_key_event,0
2026-07-19,100900,(direct),(none),(not set),mobile,1,1,4,50.0,no_key_event,0
2026-07-19,100901,google,cpc,Pesquisa_Implantes,mobile,1,0,1,3.0,no_key_event,0
2026-07-19,100902,google,organic,(not set),mobile,1,1,1,69.0,no_key_event,0
2026-07-19,100898,instagram,social,(not set),mobile,1,0,1,3.0,no_key_event,0
2026-07-20,100946,google,cpc,Pesquisa_Implantes,mobile,1,1,4,78.0,no_key_event,0
2026-07-20,100939,google,cpc,Pesquisa_Ortodontia,mobile,1,1,1,72.0,no_key_event,0
2026-07-20,100940,instagram,social,(not set),mobile,1,0,1,22.0,no_key_event,0
2026-07-20,100941,google,cpc,Pesquisa_Ortodontia,desktop,1,1,1,87.0,no_key_event,0
2026-07-20,100942,instagram,social,(not set),desktop,1,1,2,66.0,no_key_event,0
2026-07-20,100943,(direct),(none),(not set),desktop,1,1,1,83.0,no_key_event,0
2026-07-20,100944,google,organic,(not set),mobile,1,1,1,73.0,no_key_event,0
2026-07-20,100945,google,cpc,Pesquisa_Ortodontia,mobile,1,0,4,33.0,no_key_event,0
2026-07-20,100947,google,cpc,Remarketing_Site,mobile,1,1,1,23.0,no_key_event,0
2026-07-20,100953,google,organic,(not set),mobile,1,1,1,59.0,no_key_event,0
2026-07-20,100949,google,cpc,Pesquisa_Clareamento,mobile,1,1,1,94.0,no_key_event,0
2026-07-20,100950,facebook,cpc,FB_Implantes_Video,desktop,1,1,2,104.0,no_key_event,0
2026-07-20,100951,google,cpc,Remarketing_Site,tablet,1,1,2,52.0,no_key_event,0
2026-07-20,100958,facebook,cpc,FB_Promo_Avaliacao,mobile,1,1,1,77.0,no_key_event,0
2026-07-20,100954,google,cpc,Pesquisa_Implantes,mobile,1,1,3,79.0,no_key_event,0
2026-07-20,100955,facebook,cpc,FB_Implantes_Video,mobile,1,1,2,57.0,no_key_event,0
2026-07-20,100956,google,organic,(not set),desktop,1,1,2,103.0,no_key_event,0
2026-07-20,100957,(direct),(none),(not set),mobile,1,0,2,61.0,no_key_event,0
2026-07-20,100938,google,cpc,Pesquisa_Implantes,mobile,1,0,2,48.0,no_key_event,0
2026-07-20,100948,instagram,social,(not set),mobile,1,1,2,89.0,no_key_event,0
2026-07-20,100937,google,organic,(not set),mobile,1,1,1,48.0,no_key_event,0
2026-07-20,100952,google,maps,(not set),mobile,1,1,1,76.0,click_whatsapp,1
2026-07-20,100935,google,organic,(not set),mobile,1,1,2,77.0,no_key_event,0
2026-07-20,100936,google,cpc,Remarketing_Site,mobile,1,1,1,63.0,no_key_event,0
2026-07-20,100916,facebook,cpc,FB_Promo_Avaliacao,mobile,1,0,3,4.0,no_key_event,0
2026-07-20,100917,google,maps,(not set),mobile,1,1,1,88.0,no_key_event,0
2026-07-20,100919,google,organic,(not set),mobile,1,1,2,40.0,no_key_event,0
2026-07-20,100920,instagram,social,(not set),mobile,1,0,3,18.0,no_key_event,0
2026-07-20,100921,google,maps,(not set),mobile,1,1,1,82.0,no_key_event,0
2026-07-20,100922,google,maps,(not set),mobile,1,1,2,82.0,click_whatsapp,1
2026-07-20,100923,google,organic,(not set),mobile,1,1,1,64.0,no_key_event,0
2026-07-20,100924,(direct),(none),(not set),mobile,1,1,2,59.0,no_key_event,0
2026-07-20,100918,instagram,social,(not set),desktop,1,0,1,22.0,no_key_event,0
2026-07-20,100926,google,cpc,Pesquisa_Implantes,mobile,1,1,1,85.0,no_key_event,0
2026-07-20,100927,instagram,social,(not set),desktop,1,0,1,20.0,no_key_event,0
2026-07-20,100928,google,maps,(not set),mobile,1,0,1,38.0,no_key_event,0
2026-07-20,100929,google,organic,(not set),mobile,1,0,3,17.0,no_key_event,0
2026-07-20,100930,google,organic,(not set),mobile,1,1,3,17.0,no_key_event,0
2026-07-20,100931,google,cpc,Pesquisa_Implantes,mobile,1,0,1,3.0,no_key_event,0
2026-07-20,100932,instagram,social,(not set),desktop,1,1,1,63.0,no_key_event,0
2026-07-20,100933,instagram,social,(not set),mobile,1,1,1,93.0,no_key_event,0
2026-07-20,100925,google,cpc,Remarketing_Site,desktop,1,1,1,87.0,no_key_event,0
2026-07-20,100934,google,cpc,Pesquisa_Clareamento,mobile,1,0,1,3.0,no_key_event,0
2026-07-21,101005,facebook,cpc,FB_Implantes_Video,tablet,1,0,2,16.0,no_key_event,0
2026-07-21,101004,google,cpc,Pesquisa_Implantes,mobile,1,0,1,7.0,no_key_event,0
2026-07-21,101003,google,cpc,Pesquisa_Ortodontia,mobile,1,0,1,3.0,no_key_event,0
2026-07-21,101002,instagram,social,(not set),desktop,1,0,2,19.0,no_key_event,0
2026-07-21,101001,google,cpc,Pesquisa_Clareamento,mobile,1,1,1,60.0,no_key_event,0
2026-07-21,101000,instagram,social,(not set),desktop,1,0,2,43.0,no_key_event,0
2026-07-21,100995,google,cpc,Pesquisa_Ortodontia,mobile,1,0,1,3.0,no_key_event,0
2026-07-21,100998,facebook,cpc,FB_Implantes_Video,desktop,1,0,1,3.0,no_key_event,0
2026-07-21,100997,google,cpc,Pesquisa_Implantes,mobile,1,0,3,13.0,no_key_event,0
2026-07-21,100994,google,cpc,Remarketing_Site,mobile,1,1,1,57.0,no_key_event,0
2026-07-21,100993,google,organic,(not set),mobile,1,1,2,71.0,no_key_event,0
2026-07-21,101006,instagram,social,(not set),mobile,1,1,3,100.0,no_key_event,0
2026-07-21,100999,google,organic,(not set),mobile,1,1,2,86.0,no_key_event,0
2026-07-21,101007,google,organic,(not set),mobile,1,1,1,50.0,no_key_event,0
2026-07-21,101017,(direct),(none),(not set),mobile,1,1,1,100.0,no_key_event,0
2026-07-21,101009,google,cpc,Pesquisa_Implantes,mobile,1,1,1,54.0,no_key_event,0
2026-07-21,101010,google,cpc,Pesquisa_Ortodontia,mobile,1,0,3,11.0,no_key_event,0
2026-07-21,101011,(direct),(none),(not set),mobile,1,1,2,57.0,no_key_event,0
2026-07-21,101012,facebook,cpc,FB_Promo_Avaliacao,mobile,1,0,1,4.0,no_key_event,0
2026-07-21,101013,google,cpc,Pesquisa_Implantes,mobile,1,1,1,84.0,no_key_event,0
2026-07-21,101014,google,cpc,Pesquisa_Clareamento,mobile,1,1,1,99.0,no_key_event,0
2026-07-21,101015,facebook,cpc,FB_Promo_Avaliacao,tablet,1,0,3,36.0,no_key_event,0
2026-07-21,101016,instagram,social,(not set),mobile,1,0,1,3.0,no_key_event,0
2026-07-21,100992,google,cpc,Pesquisa_Clareamento,mobile,1,0,4,3.0,no_key_event,0
2026-07-21,101018,facebook,cpc,FB_Implantes_Video,mobile,1,0,1,3.0,no_key_event,0
2026-07-21,101019,(direct),(none),(not set),mobile,1,1,1,85.0,no_key_event,0
2026-07-21,101020,google,organic,(not set),mobile,1,1,2,80.0,click_whatsapp,1
2026-07-21,101021,google,cpc,Pesquisa_Implantes,desktop,1,0,2,61.0,no_key_event,0
2026-07-21,101022,google,cpc,Pesquisa_Clareamento,mobile,1,1,3,76.0,no_key_event,0
2026-07-21,101008,facebook,cpc,FB_Implantes_Video,mobile,1,0,1,26.0,no_key_event,0
2026-07-21,100991,(direct),(none),(not set),mobile,1,0,1,16.0,no_key_event,0
2026-07-21,100996,google,cpc,Pesquisa_Ortodontia,mobile,1,0,2,22.0,no_key_event,0
2026-07-21,100989,instagram,social,(not set),mobile,1,1,1,56.0,no_key_event,0
2026-07-21,100990,instagram,social,(not set),mobile,1,1,2,117.0,no_key_event,0
2026-07-21,100959,google,cpc,Pesquisa_Clareamento,mobile,1,1,1,73.0,no_key_event,0
2026-07-21,100960,instagram,social,(not set),desktop,1,1,1,70.0,no_key_event,0
2026-07-21,100961,google,maps,(not set),mobile,1,1,1,100.0,no_key_event,0
2026-07-21,100962,(direct),(none),(not set),mobile,1,1,2,51.0,no_key_event,0
2026-07-21,100963,(direct),(none),(not set),mobile,1,1,3,36.0,no_key_event,0
2026-07-21,100964,instagram,social,(not set),mobile,1,0,2,18.0,no_key_event,0
2026-07-21,100965,google,cpc,Pesquisa_Ortodontia,mobile,1,0,2,32.0,no_key_event,0
2026-07-21,100967,facebook,cpc,FB_Promo_Avaliacao,mobile,1,1,2,3.0,no_key_event,0
2026-07-21,100968,instagram,social,(not set),desktop,1,0,3,3.0,no_key_event,0
2026-07-21,100969,google,cpc,Pesquisa_Clareamento,mobile,1,1,2,37.0,no_key_event,0
2026-07-21,100970,google,organic,(not set),mobile,1,1,1,67.0,no_key_event,0
2026-07-21,100971,google,organic,(not set),mobile,1,0,1,34.0,no_key_event,0
2026-07-21,100972,google,organic,(not set),mobile,1,1,2,25.0,no_key_event,0
2026-07-21,100973,google,cpc,Pesquisa_Ortodontia,mobile,1,0,2,11.0,no_key_event,0
2026-07-21,100966,google,cpc,Pesquisa_Clareamento,mobile,1,1,2,51.0,no_key_event,0
2026-07-21,100975,google,organic,(not set),mobile,1,0,4,6.0,no_key_event,0
2026-07-21,100988,instagram,social,(not set),mobile,1,0,1,3.0,no_key_event,0
2026-07-21,100974,(direct),(none),(not set),mobile,1,1,2,80.0,no_key_event,0
2026-07-21,100987,google,cpc,Remarketing_Site,mobile,1,0,2,71.0,no_key_event,0
2026-07-21,100986,instagram,social,(not set),desktop,1,0,3,63.0,no_key_event,0
2026-07-21,100985,google,cpc,Remarketing_Site,mobile,1,1,3,25.0,no_key_event,0
2026-07-21,100983,google,cpc,Remarketing_Site,mobile,1,1,1,70.0,no_key_event,0
2026-07-21,100982,(direct),(none),(not set),mobile,1,1,3,87.0,no_key_event,0
2026-07-21,100984,(direct),(none),(not set),desktop,1,0,2,43.0,no_key_event,0
2026-07-21,100980,facebook,cpc,FB_Promo_Avaliacao,mobile,1,0,1,3.0,no_key_event,0
2026-07-21,100979,(direct),(none),(not set),mobile,1,0,2,54.0,no_key_event,0
2026-07-21,100978,instagram,social,(not set),mobile,1,0,2,46.0,no_key_event,0
2026-07-21,100977,google,cpc,Remarketing_Site,mobile,1,0,4,46.0,no_key_event,0
2026-07-21,100976,google,cpc,Remarketing_Site,desktop,1,1,1,24.0,no_key_event,0
2026-07-21,100981,google,organic,(not set),desktop,1,0,2,19.0,no_key_event,0
2026-07-22,101071,instagram,social,(not set),desktop,1,0,1,56.0,no_key_event,0
2026-07-22,101067,google,cpc,Pesquisa_Ortodontia,mobile,1,1,1,79.0,no_key_event,0
2026-07-22,101070,instagram,social,(not set),mobile,1,0,3,47.0,no_key_event,0
2026-07-22,101069,(direct),(none),(not set),mobile,1,1,3,55.0,no_key_event,0
2026-07-22,101068,google,organic,(not set),mobile,1,1,1,49.0,no_key_event,0
2026-07-22,101066,instagram,social,(not set),mobile,1,0,1,45.0,no_key_event,0
2026-07-22,101059,google,organic,(not set),mobile,1,1,1,94.0,no_key_event,0
2026-07-22,101064,instagram,social,(not set),mobile,1,1,1,67.0,no_key_event,0
2026-07-22,101063,google,maps,(not set),desktop,1,0,1,44.0,no_key_event,0
2026-07-22,101062,google,cpc,Pesquisa_Implantes,mobile,1,1,3,90.0,no_key_event,0
2026-07-22,101061,google,cpc,Pesquisa_Clareamento,mobile,1,1,2,79.0,no_key_event,0
2026-07-22,101060,google,cpc,Remarketing_Site,mobile,1,1,1,104.0,no_key_event,0
2026-07-22,101072,google,cpc,Pesquisa_Ortodontia,mobile,1,1,1,45.0,no_key_event,0
2026-07-22,101065,google,cpc,Remarketing_Site,tablet,1,1,2,59.0,no_key_event,0
2026-07-22,101073,google,cpc,Pesquisa_Ortodontia,desktop,1,0,2,38.0,no_key_event,0
2026-07-22,101088,google,maps,(not set),mobile,1,1,1,121.0,no_key_event,0
2026-07-22,101075,google,maps,(not set),mobile,1,1,1,112.0,no_key_event,0
2026-07-22,101058,instagram,social,(not set),mobile,1,1,4,64.0,no_key_event,0
2026-07-22,101087,google,cpc,Pesquisa_Clareamento,tablet,1,1,1,78.0,no_key_event,0
2026-07-22,101086,google,cpc,Pesquisa_Ortodontia,desktop,1,0,1,15.0,no_key_event,0
2026-07-22,101085,google,cpc,Remarketing_Site,mobile,1,0,2,18.0,no_key_event,0
2026-07-22,101084,google,organic,(not set),mobile,1,1,1,107.0,no_key_event,0
2026-07-22,101083,google,organic,(not set),mobile,1,0,2,10.0,no_key_event,0
2026-07-22,101074,google,cpc,Pesquisa_Implantes,desktop,1,1,2,48.0,click_whatsapp,1
2026-07-22,101082,google,cpc,Pesquisa_Clareamento,mobile,1,1,1,90.0,no_key_event,0
2026-07-22,101089,google,cpc,Remarketing_Site,desktop,1,1,3,91.0,no_key_event,0
2026-07-22,101080,(direct),(none),(not set),desktop,1,1,4,88.0,no_key_event,0
2026-07-22,101079,google,organic,(not set),desktop,1,1,2,54.0,click_whatsapp,1
2026-07-22,101078,instagram,social,(not set),mobile,1,0,1,35.0,no_key_event,0
2026-07-22,101077,instagram,social,(not set),desktop,1,0,1,15.0,no_key_event,0
2026-07-22,101076,google,organic,(not set),desktop,1,1,1,111.0,no_key_event,0
2026-07-22,101081,facebook,cpc,FB_Implantes_Video,mobile,1,0,1,21.0,no_key_event,0
2026-07-22,101057,google,cpc,Remarketing_Site,mobile,1,1,1,88.0,no_key_event,0
2026-07-22,101031,facebook,cpc,FB_Implantes_Video,mobile,1,0,4,3.0,no_key_event,0
2026-07-22,101055,google,cpc,Pesquisa_Clareamento,mobile,1,1,1,37.0,no_key_event,0
2026-07-22,101056,google,cpc,Pesquisa_Implantes,mobile,1,1,3,89.0,no_key_event,0
2026-07-22,101023,instagram,social,(not set),mobile,1,1,3,78.0,no_key_event,0
2026-07-22,101024,google,cpc,Pesquisa_Implantes,mobile,1,1,1,83.0,no_key_event,0
2026-07-22,101026,facebook,cpc,FB_Promo_Avaliacao,mobile,1,0,2,53.0,no_key_event,0
2026-07-22,101027,google,cpc,Pesquisa_Ortodontia,mobile,1,1,1,71.0,no_key_event,0
2026-07-22,101028,instagram,social,(not set),desktop,1,1,1,88.0,no_key_event,0
2026-07-22,101029,facebook,cpc,FB_Implantes_Video,desktop,1,0,1,80.0,no_key_event,0
2026-07-22,101030,(direct),(none),(not set),desktop,1,1,2,49.0,no_key_event,0
2026-07-22,101032,google,organic,(not set),desktop,1,1,1,58.0,no_key_event,0
2026-07-22,101033,google,cpc,Remarketing_Site,mobile,1,0,2,15.0,no_key_event,0
2026-07-22,101034,facebook,cpc,FB_Implantes_Video,tablet,1,0,1,44.0,no_key_event,0
2026-07-22,101035,google,cpc,Pesquisa_Implantes,mobile,1,1,1,51.0,no_key_event,0
2026-07-22,101036,google,organic,(not set),mobile,1,0,1,18.0,no_key_event,0
2026-07-22,101037,google,organic,(not set),mobile,1,1,2,104.0,no_key_event,0
2026-07-22,101038,google,cpc,Pesquisa_Ortodontia,mobile,1,0,1,21.0,no_key_event,0
2026-07-22,101025,google,organic,(not set),mobile,1,1,3,76.0,no_key_event,0
2026-07-22,101040,(direct),(none),(not set),desktop,1,0,3,3.0,no_key_event,0
2026-07-22,101039,google,maps,(not set),mobile,1,1,1,98.0,no_key_event,0
2026-07-22,101054,google,organic,(not set),mobile,1,0,3,14.0,no_key_event,0
2026-07-22,101053,google,cpc,Pesquisa_Implantes,desktop,1,1,1,123.0,no_key_event,0
2026-07-22,101051,google,cpc,Remarketing_Site,mobile,1,1,1,48.0,no_key_event,0
2026-07-22,101050,google,cpc,Pesquisa_Ortodontia,desktop,1,1,1,105.0,no_key_event,0
2026-07-22,101049,facebook,cpc,FB_Implantes_Video,mobile,1,0,2,3.0,no_key_event,0
2026-07-22,101048,google,organic,(not set),mobile,1,0,1,3.0,no_key_event,0
2026-07-22,101052,google,cpc,Remarketing_Site,mobile,1,1,1,100.0,no_key_event,0
2026-07-22,101046,google,cpc,Pesquisa_Implantes,mobile,1,0,1,33.0,no_key_event,0
2026-07-22,101045,facebook,cpc,FB_Promo_Avaliacao,desktop,1,0,4,6.0,no_key_event,0
2026-07-22,101044,google,organic,(not set),mobile,1,0,2,34.0,no_key_event,0
2026-07-22,101043,facebook,cpc,FB_Promo_Avaliacao,mobile,1,0,3,46.0,no_key_event,0
2026-07-22,101042,google,cpc,Remarketing_Site,mobile,1,1,1,61.0,no_key_event,0
2026-07-22,101047,google,cpc,Pesquisa_Implantes,desktop,1,1,1,36.0,no_key_event,0
2026-07-22,101041,facebook,cpc,FB_Implantes_Video,mobile,1,0,1,10.0,no_key_event,0
2026-07-23,101129,google,cpc,Remarketing_Site,mobile,1,1,1,84.0,no_key_event,0
2026-07-23,101128,google,cpc,Pesquisa_Ortodontia,mobile,1,1,1,115.0,no_key_event,0
2026-07-23,101127,google,cpc,Pesquisa_Implantes,mobile,1,1,1,106.0,no_key_event,0
2026-07-23,101126,google,cpc,Remarketing_Site,mobile,1,1,1,97.0,no_key_event,0
2026-07-23,101123,google,cpc,Pesquisa_Clareamento,mobile,1,0,2,3.0,no_key_event,0
2026-07-23,101124,google,cpc,Remarketing_Site,mobile,1,0,1,3.0,no_key_event,0
2026-07-23,101122,google,cpc,Pesquisa_Ortodontia,mobile,1,1,1,46.0,no_key_event,0
2026-07-23,101121,google,cpc,Pesquisa_Implantes,mobile,1,1,1,122.0,no_key_event,0
2026-07-23,101130,google,cpc,Pesquisa_Clareamento,mobile,1,1,2,42.0,click_whatsapp,1
2026-07-23,101120,google,cpc,Pesquisa_Clareamento,mobile,1,1,2,107.0,no_key_event,0
2026-07-23,101125,instagram,social,(not set),mobile,1,1,1,83.0,no_key_event,0
2026-07-23,101131,google,cpc,Pesquisa_Ortodontia,mobile,1,1,2,90.0,no_key_event,0
2026-07-23,101139,(direct),(none),(not set),mobile,1,1,2,81.0,click_whatsapp,1
2026-07-23,101133,google,organic,(not set),mobile,1,0,2,3.0,no_key_event,0
2026-07-23,101134,google,cpc,Remarketing_Site,mobile,1,0,1,3.0,no_key_event,0
2026-07-23,101135,google,cpc,Pesquisa_Ortodontia,mobile,1,0,1,3.0,no_key_event,0
2026-07-23,101136,google,cpc,Pesquisa_Clareamento,mobile,1,1,1,53.0,no_key_event,0
2026-07-23,101137,google,cpc,Pesquisa_Clareamento,mobile,1,1,3,52.0,no_key_event,0
2026-07-23,101138,google,maps,(not set),desktop,1,1,3,59.0,click_whatsapp,1
2026-07-23,101141,google,cpc,Pesquisa_Implantes,mobile,1,0,3,14.0,no_key_event,0
2026-07-23,101142,instagram,social,(not set),mobile,1,1,1,112.0,no_key_event,0
2026-07-23,101143,(direct),(none),(not set),mobile,1,1,2,87.0,click_whatsapp,1
2026-07-23,101144,google,cpc,Pesquisa_Ortodontia,mobile,1,1,2,82.0,no_key_event,0
2026-07-23,101145,google,organic,(not set),desktop,1,1,1,67.0,no_key_event,0
2026-07-23,101119,google,cpc,Remarketing_Site,desktop,1,1,2,76.0,no_key_event,0
2026-07-23,101132,google,organic,(not set),mobile,1,1,1,21.0,no_key_event,0
2026-07-23,101118,google,cpc,Pesquisa_Clareamento,desktop,1,1,1,46.0,no_key_event,0
2026-07-23,101140,google,cpc,Remarketing_Site,tablet,1,1,1,87.0,no_key_event,0
2026-07-23,101116,google,cpc,Pesquisa_Implantes,tablet,1,1,2,82.0,no_key_event,0
2026-07-23,101117,google,cpc,Pesquisa_Implantes,mobile,1,0,1,49.0,no_key_event,0
2026-07-23,101090,google,cpc,Remarketing_Site,mobile,1,1,2,69.0,no_key_event,0
2026-07-23,101091,google,cpc,Pesquisa_Clareamento,desktop,1,0,2,3.0,no_key_event,0
2026-07-23,101092,google,organic,(not set),mobile,1,1,3,78.0,no_key_event,0
2026-07-23,101093,google,cpc,Pesquisa_Ortodontia,desktop,1,0,2,8.0,no_key_event,0
2026-07-23,101094,google,cpc,Pesquisa_Ortodontia,mobile,1,0,1,39.0,no_key_event,0
2026-07-23,101095,google,organic,(not set),mobile,1,1,1,56.0,no_key_event,0
2026-07-23,101097,google,cpc,Pesquisa_Ortodontia,desktop,1,1,3,56.0,no_key_event,0
2026-07-23,101098,google,cpc,Remarketing_Site,mobile,1,1,2,59.0,no_key_event,0
2026-07-23,101099,google,organic,(not set),mobile,1,1,2,50.0,no_key_event,0
2026-07-23,101100,google,cpc,Pesquisa_Ortodontia,desktop,1,1,2,74.0,no_key_event,0
2026-07-23,101101,google,cpc,Remarketing_Site,desktop,1,0,1,53.0,no_key_event,0
2026-07-23,101102,(direct),(none),(not set),mobile,1,1,4,108.0,no_key_event,0
2026-07-23,101096,google,cpc,Pesquisa_Ortodontia,mobile,1,0,1,29.0,no_key_event,0
2026-07-23,101104,(direct),(none),(not set),desktop,1,1,1,70.0,no_key_event,0
2026-07-23,101115,(direct),(none),(not set),mobile,1,1,1,68.0,no_key_event,0
2026-07-23,101103,google,organic,(not set),desktop,1,0,4,10.0,no_key_event,0
2026-07-23,101114,google,cpc,Pesquisa_Implantes,desktop,1,1,1,72.0,no_key_event,0
2026-07-23,101113,google,organic,(not set),desktop,1,1,4,55.0,click_whatsapp,1
2026-07-23,101112,google,cpc,Pesquisa_Ortodontia,mobile,1,1,3,75.0,no_key_event,0
2026-07-23,101110,(direct),(none),(not set),mobile,1,1,1,53.0,no_key_event,0
2026-07-23,101111,facebook,cpc,FB_Promo_Avaliacao,mobile,1,1,3,97.0,no_key_event,0
2026-07-23,101109,google,organic,(not set),mobile,1,1,1,52.0,no_key_event,0
2026-07-23,101108,facebook,cpc,FB_Implantes_Video,desktop,1,0,2,19.0,no_key_event,0
2026-07-23,101107,google,cpc,Pesquisa_Clareamento,mobile,1,0,3,11.0,no_key_event,0
2026-07-23,101106,(direct),(none),(not set),mobile,1,1,2,85.0,no_key_event,0
2026-07-23,101105,google,maps,(not set),mobile,1,0,2,13.0,no_key_event,0
2026-07-24,101188,facebook,cpc,FB_Implantes_Video,desktop,1,0,2,29.0,no_key_event,0
2026-07-24,101192,google,organic,(not set),mobile,1,1,2,76.0,no_key_event,0
2026-07-24,101190,(direct),(none),(not set),mobile,1,1,1,109.0,no_key_event,0
2026-07-24,101189,google,cpc,Pesquisa_Clareamento,mobile,1,0,1,10.0,no_key_event,0
2026-07-24,101191,google,cpc,Pesquisa_Clareamento,mobile,1,1,4,33.0,no_key_event,0
2026-07-24,101187,instagram,social,(not set),mobile,1,1,1,70.0,no_key_event,0
2026-07-24,101182,google,cpc,Pesquisa_Ortodontia,mobile,1,1,2,76.0,no_key_event,0
2026-07-24,101185,google,organic,(not set),mobile,1,1,2,82.0,no_key_event,0
2026-07-24,101184,instagram,social,(not set),mobile,1,1,2,75.0,no_key_event,0
2026-07-24,101183,google,cpc,Pesquisa_Implantes,tablet,1,1,3,55.0,no_key_event,0
2026-07-24,101181,google,organic,(not set),tablet,1,0,2,29.0,click_whatsapp,1
2026-07-24,101193,google,cpc,Pesquisa_Clareamento,mobile,1,0,1,3.0,no_key_event,0
2026-07-24,101186,google,cpc,Pesquisa_Implantes,mobile,1,0,2,3.0,no_key_event,0
2026-07-24,101194,google,cpc,Remarketing_Site,tablet,1,1,3,98.0,click_whatsapp,1
2026-07-24,101208,google,cpc,Pesquisa_Ortodontia,mobile,1,0,3,39.0,no_key_event,0
2026-07-24,101196,instagram,social,(not set),mobile,1,0,2,51.0,no_key_event,0
2026-07-24,101210,google,cpc,Pesquisa_Ortodontia,mobile,1,1,1,69.0,no_key_event,0
2026-07-24,101209,google,cpc,Pesquisa_Clareamento,desktop,1,0,1,4.0,no_key_event,0
2026-07-24,101180,google,organic,(not set),mobile,1,1,4,53.0,no_key_event,0
2026-07-24,101207,instagram,social,(not set),mobile,1,0,4,6.0,no_key_event,0
2026-07-24,101206,google,cpc,Pesquisa_Implantes,mobile,1,0,2,23.0,no_key_event,0
2026-07-24,101205,google,cpc,Pesquisa_Ortodontia,mobile,1,0,2,10.0,no_key_event,0
2026-07-24,101195,google,cpc,Remarketing_Site,mobile,1,1,2,114.0,no_key_event,0
2026-07-24,101204,google,maps,(not set),mobile,1,1,2,37.0,no_key_event,0
2026-07-24,101202,google,organic,(not set),mobile,1,1,1,22.0,no_key_event,0
2026-07-24,101201,google,cpc,Pesquisa_Implantes,desktop,1,0,1,18.0,no_key_event,0
2026-07-24,101200,google,cpc,Pesquisa_Ortodontia,mobile,1,1,3,118.0,no_key_event,0
2026-07-24,101199,google,organic,(not set),mobile,1,1,2,26.0,no_key_event,0
2026-07-24,101198,google,cpc,Pesquisa_Ortodontia,mobile,1,0,1,3.0,no_key_event,0
2026-07-24,101197,instagram,social,(not set),mobile,1,0,3,3.0,no_key_event,0
2026-07-24,101203,google,cpc,Pesquisa_Implantes,mobile,1,1,2,62.0,no_key_event,0
2026-07-24,101179,google,organic,(not set),desktop,1,0,2,3.0,no_key_event,0
2026-07-24,101171,facebook,cpc,FB_Promo_Avaliacao,desktop,1,0,1,31.0,no_key_event,0
2026-07-24,101177,google,organic,(not set),mobile,1,0,2,42.0,no_key_event,0
2026-07-24,101146,google,cpc,Pesquisa_Implantes,mobile,1,0,3,25.0,no_key_event,0
2026-07-24,101147,google,organic,(not set),tablet,1,0,1,3.0,no_key_event,0
2026-07-24,101148,(direct),(none),(not set),mobile,1,1,1,90.0,no_key_event,0
2026-07-24,101149,google,maps,(not set),desktop,1,1,2,89.0,no_key_event,0
2026-07-24,101150,google,cpc,Pesquisa_Clareamento,mobile,1,0,2,37.0,no_key_event,0
2026-07-24,101151,instagram,social,(not set),mobile,1,0,2,20.0,no_key_event,0
2026-07-24,101152,(direct),(none),(not set),mobile,1,1,3,31.0,no_key_event,0
2026-07-24,101153,google,cpc,Pesquisa_Clareamento,mobile,1,1,3,68.0,no_key_event,0
2026-07-24,101178,google,cpc,Pesquisa_Ortodontia,mobile,1,1,1,44.0,click_whatsapp,1
2026-07-24,101155,instagram,social,(not set),mobile,1,0,2,101.0,no_key_event,0
2026-07-24,101156,facebook,cpc,FB_Implantes_Video,mobile,1,1,2,92.0,no_key_event,0
2026-07-24,101157,google,cpc,Remarketing_Site,mobile,1,0,1,37.0,no_key_event,0
2026-07-24,101158,google,cpc,Remarketing_Site,mobile,1,1,1,16.0,no_key_event,0
2026-07-24,101159,google,organic,(not set),mobile,1,1,2,99.0,no_key_event,0
2026-07-24,101160,google,organic,(not set),mobile,1,0,1,45.0,no_key_event,0
2026-07-24,101154,google,cpc,Remarketing_Site,desktop,1,0,2,33.0,no_key_event,0
2026-07-24,101162,google,cpc,Pesquisa_Clareamento,mobile,1,0,1,23.0,no_key_event,0
2026-07-24,101161,google,organic,(not set),desktop,1,0,1,22.0,no_key_event,0
2026-07-24,101176,google,cpc,Pesquisa_Clareamento,desktop,1,1,2,97.0,no_key_event,0
2026-07-24,101175,google,cpc,Pesquisa_Ortodontia,mobile,1,1,2,49.0,no_key_event,0
2026-07-24,101174,(direct),(none),(not set),mobile,1,1,1,78.0,no_key_event,0
2026-07-24,101172,(direct),(none),(not set),mobile,1,1,1,87.0,click_whatsapp,1
2026-07-24,101170,google,organic,(not set),mobile,1,1,1,44.0,no_key_event,0
2026-07-24,101173,instagram,social,(not set),desktop,1,0,1,20.0,no_key_event,0
2026-07-24,101168,instagram,social,(not set),mobile,1,0,1,12.0,no_key_event,0
2026-07-24,101167,google,cpc,Pesquisa_Ortodontia,mobile,1,0,2,17.0,no_key_event,0
2026-07-24,101166,google,cpc,Pesquisa_Implantes,mobile,1,1,2,97.0,no_key_event,0
2026-07-24,101165,google,cpc,Remarketing_Site,mobile,1,0,2,24.0,no_key_event,0
2026-07-24,101164,google,cpc,Pesquisa_Ortodontia,mobile,1,0,3,48.0,no_key_event,0
2026-07-24,101163,google,organic,(not set),desktop,1,1,1,32.0,no_key_event,0
2026-07-24,101169,google,organic,(not set),mobile,1,0,1,4.0,no_key_event,0
2026-07-25,101231,google,maps,(not set),mobile,1,1,1,68.0,no_key_event,0
2026-07-25,101228,google,organic,(not set),desktop,1,1,3,99.0,no_key_event,0
2026-07-25,101239,google,cpc,Remarketing_Site,mobile,1,0,2,33.0,no_key_event,0
2026-07-25,101229,google,cpc,Pesquisa_Clareamento,mobile,1,0,1,11.0,no_key_event,0
2026-07-25,101230,facebook,cpc,FB_Implantes_Video,desktop,1,1,1,73.0,no_key_event,0
2026-07-25,101232,google,cpc,Pesquisa_Ortodontia,mobile,1,0,2,28.0,no_key_event,0
2026-07-25,101227,google,cpc,Pesquisa_Clareamento,mobile,1,1,2,8.0,no_key_event,0
2026-07-25,101234,instagram,social,(not set),mobile,1,1,3,85.0,no_key_event,0
2026-07-25,101235,google,cpc,Pesquisa_Ortodontia,mobile,1,1,1,66.0,no_key_event,0
2026-07-25,101236,google,organic,(not set),mobile,1,0,2,35.0,no_key_event,0
2026-07-25,101237,google,organic,(not set),mobile,1,1,2,34.0,no_key_event,0
2026-07-25,101238,google,cpc,Remarketing_Site,mobile,1,1,1,59.0,no_key_event,0
2026-07-25,101233,(direct),(none),(not set),mobile,1,1,3,54.0,no_key_event,0
2026-07-25,101226,google,cpc,Pesquisa_Ortodontia,mobile,1,0,1,33.0,no_key_event,0
2026-07-25,101221,google,cpc,Pesquisa_Implantes,mobile,1,1,2,86.0,no_key_event,0
2026-07-25,101224,google,maps,(not set),mobile,1,1,1,47.0,no_key_event,0
2026-07-25,101225,google,cpc,Remarketing_Site,tablet,1,1,2,96.0,no_key_event,0
2026-07-25,101212,instagram,social,(not set),mobile,1,0,1,3.0,no_key_event,0
2026-07-25,101213,instagram,social,(not set),mobile,1,1,2,41.0,no_key_event,0
2026-07-25,101214,instagram,social,(not set),mobile,1,1,4,62.0,no_key_event,0
2026-07-25,101215,google,maps,(not set),desktop,1,1,1,49.0,no_key_event,0
2026-07-25,101216,google,cpc,Remarketing_Site,mobile,1,0,1,16.0,no_key_event,0
2026-07-25,101211,google,cpc,Remarketing_Site,mobile,1,1,3,10.0,no_key_event,0
2026-07-25,101218,google,organic,(not set),mobile,1,1,3,60.0,click_whatsapp,1
2026-07-25,101219,google,cpc,Pesquisa_Implantes,mobile,1,1,1,88.0,no_key_event,0
2026-07-25,101220,instagram,social,(not set),desktop,1,1,1,64.0,no_key_event,0
2026-07-25,101222,instagram,social,(not set),mobile,1,0,1,55.0,no_key_event,0
2026-07-25,101223,facebook,cpc,FB_Promo_Avaliacao,mobile,1,0,4,14.0,no_key_event,0
2026-07-25,101217,google,maps,(not set),mobile,1,1,2,77.0,no_key_event,0
2026-07-26,101253,(direct),(none),(not set),mobile,1,0,1,3.0,no_key_event,0
2026-07-26,101254,google,cpc,Remarketing_Site,mobile,1,0,2,4.0,no_key_event,0
2026-07-26,101256,google,maps,(not set),mobile,1,0,3,57.0,no_key_event,0
2026-07-26,101257,(direct),(none),(not set),desktop,1,1,2,77.0,click_whatsapp,1
2026-07-26,101260,google,cpc,Pesquisa_Implantes,mobile,1,0,2,27.0,no_key_event,0
2026-07-26,101259,google,cpc,Pesquisa_Clareamento,mobile,1,1,1,19.0,no_key_event,0
2026-07-26,101261,google,cpc,Pesquisa_Clareamento,mobile,1,0,2,3.0,no_key_event,0
2026-07-26,101262,instagram,social,(not set),mobile,1,0,1,54.0,no_key_event,0
2026-07-26,101252,google,cpc,Pesquisa_Clareamento,mobile,1,1,1,88.0,no_key_event,0
2026-07-26,101258,facebook,cpc,FB_Implantes_Video,mobile,1,1,3,74.0,no_key_event,0
2026-07-26,101251,facebook,cpc,FB_Promo_Avaliacao,desktop,1,0,1,9.0,no_key_event,0
2026-07-26,101255,instagram,social,(not set),mobile,1,1,4,61.0,no_key_event,0
2026-07-26,101249,google,cpc,Remarketing_Site,mobile,1,1,2,76.0,no_key_event,0
2026-07-26,101250,google,cpc,Pesquisa_Ortodontia,mobile,1,1,2,73.0,no_key_event,0
2026-07-26,101241,facebook,cpc,FB_Implantes_Video,mobile,1,1,1,50.0,no_key_event,0
2026-07-26,101242,facebook,cpc,FB_Promo_Avaliacao,mobile,1,1,1,79.0,no_key_event,0
2026-07-26,101243,google,cpc,Pesquisa_Implantes,mobile,1,0,3,3.0,no_key_event,0
2026-07-26,101244,google,cpc,Remarketing_Site,desktop,1,0,1,12.0,no_key_event,0
2026-07-26,101240,google,organic,(not set),desktop,1,1,4,36.0,click_whatsapp,1
2026-07-26,101246,google,cpc,Pesquisa_Clareamento,mobile,1,1,1,83.0,no_key_event,0
2026-07-26,101247,instagram,social,(not set),mobile,1,0,1,39.0,no_key_event,0
2026-07-26,101248,google,cpc,Remarketing_Site,desktop,1,1,3,41.0,no_key_event,0
2026-07-26,101245,google,maps,(not set),mobile,1,1,2,71.0,no_key_event,0
2026-07-27,101288,google,cpc,Remarketing_Site,mobile,1,1,1,52.0,no_key_event,0
2026-07-27,101296,google,cpc,Remarketing_Site,mobile,1,1,1,57.0,no_key_event,0
2026-07-27,101289,google,maps,(not set),mobile,1,1,1,61.0,no_key_event,0
2026-07-27,101290,google,cpc,Remarketing_Site,desktop,1,1,1,92.0,no_key_event,0
2026-07-27,101291,google,cpc,Pesquisa_Implantes,mobile,1,1,2,100.0,no_key_event,0
2026-07-27,101292,instagram,social,(not set),mobile,1,1,3,51.0,no_key_event,0
2026-07-27,101293,instagram,social,(not set),mobile,1,1,4,78.0,no_key_event,0
2026-07-27,101294,google,cpc,Remarketing_Site,tablet,1,0,2,74.0,no_key_event,0
2026-07-27,101295,google,maps,(not set),mobile,1,1,1,82.0,no_key_event,0
2026-07-27,101297,instagram,social,(not set),mobile,1,1,4,76.0,no_key_event,0
2026-07-27,101302,google,cpc,Pesquisa_Implantes,tablet,1,0,1,3.0,no_key_event,0
2026-07-27,101299,google,cpc,Remarketing_Site,desktop,1,0,3,22.0,no_key_event,0
2026-07-27,101300,google,cpc,Remarketing_Site,mobile,1,1,2,26.0,no_key_event,0
2026-07-27,101301,google,cpc,Pesquisa_Implantes,tablet,1,0,2,3.0,no_key_event,0
2026-07-27,101303,google,cpc,Pesquisa_Clareamento,tablet,1,1,1,99.0,no_key_event,0
2026-07-27,101304,google,organic,(not set),desktop,1,1,2,77.0,no_key_event,0
2026-07-27,101308,facebook,cpc,FB_Promo_Avaliacao,mobile,1,0,1,5.0,no_key_event,0
2026-07-27,101306,facebook,cpc,FB_Implantes_Video,mobile,1,1,1,91.0,no_key_event,0
2026-07-27,101307,facebook,cpc,FB_Promo_Avaliacao,mobile,1,0,2,50.0,no_key_event,0
2026-07-27,101287,google,maps,(not set),desktop,1,1,1,89.0,no_key_event,0
2026-07-27,101298,(direct),(none),(not set),desktop,1,0,2,3.0,no_key_event,0
2026-07-27,101286,google,cpc,Pesquisa_Clareamento,mobile,1,1,2,88.0,no_key_event,0
2026-07-27,101305,google,cpc,Pesquisa_Implantes,mobile,1,1,4,117.0,no_key_event,0
2026-07-27,101284,google,cpc,Remarketing_Site,mobile,1,0,1,39.0,no_key_event,0
2026-07-27,101263,google,cpc,Remarketing_Site,tablet,1,0,1,36.0,no_key_event,0
2026-07-27,101264,facebook,cpc,FB_Implantes_Video,mobile,1,0,2,42.0,no_key_event,0
2026-07-27,101265,instagram,social,(not set),mobile,1,1,3,28.0,no_key_event,0
2026-07-27,101266,google,organic,(not set),mobile,1,1,3,40.0,no_key_event,0
2026-07-27,101267,google,cpc,Pesquisa_Ortodontia,mobile,1,0,1,30.0,no_key_event,0
2026-07-27,101268,google,organic,(not set),mobile,1,1,1,58.0,no_key_event,0
2026-07-27,101269,google,cpc,Remarketing_Site,desktop,1,0,3,25.0,no_key_event,0
2026-07-27,101270,google,cpc,Pesquisa_Clareamento,mobile,1,0,1,7.0,no_key_event,0
2026-07-27,101271,google,cpc,Pesquisa_Clareamento,mobile,1,0,4,3.0,no_key_event,0
2026-07-27,101272,google,maps,(not set),desktop,1,1,1,56.0,no_key_event,0
2026-07-27,101285,google,organic,(not set),mobile,1,1,2,69.0,click_whatsapp,1
2026-07-27,101274,google,organic,(not set),desktop,1,1,1,74.0,no_key_event,0
2026-07-27,101275,google,cpc,Remarketing_Site,mobile,1,1,2,44.0,no_key_event,0
2026-07-27,101276,facebook,cpc,FB_Implantes_Video,mobile,1,1,1,83.0,no_key_event,0
2026-07-27,101277,facebook,cpc,FB_Implantes_Video,mobile,1,1,1,68.0,no_key_event,0
2026-07-27,101278,google,organic,(not set),mobile,1,0,1,13.0,no_key_event,0
2026-07-27,101279,google,organic,(not set),desktop,1,0,1,3.0,no_key_event,0
2026-07-27,101280,google,cpc,Remarketing_Site,mobile,1,0,2,3.0,no_key_event,0
2026-07-27,101281,google,cpc,Pesquisa_Ortodontia,mobile,1,1,1,63.0,no_key_event,0
2026-07-27,101282,instagram,social,(not set),desktop,1,0,1,44.0,no_key_event,0
2026-07-27,101283,google,cpc,Pesquisa_Clareamento,mobile,1,0,4,3.0,no_key_event,0
2026-07-27,101273,google,organic,(not set),mobile,1,1,1,43.0,no_key_event,0
2026-07-28,101346,google,cpc,Remarketing_Site,mobile,1,1,1,77.0,click_whatsapp,1
2026-07-28,101345,google,organic,(not set),mobile,1,0,2,37.0,no_key_event,0
2026-07-28,101344,facebook,cpc,FB_Promo_Avaliacao,mobile,1,1,3,55.0,no_key_event,0
2026-07-28,101343,google,organic,(not set),mobile,1,0,2,11.0,no_key_event,0
2026-07-28,101338,google,cpc,Pesquisa_Clareamento,mobile,1,1,2,108.0,no_key_event,0
2026-07-28,101341,google,organic,(not set),mobile,1,1,2,80.0,no_key_event,0
2026-07-28,101340,google,maps,(not set),desktop,1,1,1,56.0,no_key_event,0
2026-07-28,101339,facebook,cpc,FB_Implantes_Video,mobile,1,0,1,3.0,no_key_event,0
2026-07-28,101347,google,organic,(not set),mobile,1,0,1,3.0,no_key_event,0
2026-07-28,101337,facebook,cpc,FB_Promo_Avaliacao,mobile,1,0,1,62.0,no_key_event,0
2026-07-28,101342,facebook,cpc,FB_Promo_Avaliacao,mobile,1,0,2,8.0,no_key_event,0
2026-07-28,101348,google,organic,(not set),desktop,1,1,1,59.0,no_key_event,0
2026-07-28,101353,facebook,cpc,FB_Promo_Avaliacao,mobile,1,0,2,22.0,no_key_event,0
2026-07-28,101350,google,organic,(not set),mobile,1,1,2,94.0,click_whatsapp,1
2026-07-28,101351,google,maps,(not set),mobile,1,0,1,3.0,no_key_event,0
2026-07-28,101352,google,cpc,Remarketing_Site,mobile,1,0,1,49.0,no_key_event,0
2026-07-28,101354,(direct),(none),(not set),mobile,1,1,3,55.0,no_key_event,0
2026-07-28,101355,(direct),(none),(not set),mobile,1,1,1,58.0,no_key_event,0
2026-07-28,101356,instagram,social,(not set),mobile,1,1,1,69.0,no_key_event,0
2026-07-28,101357,google,organic,(not set),mobile,1,0,2,3.0,no_key_event,0
2026-07-28,101358,google,organic,(not set),mobile,1,0,1,62.0,no_key_event,0
2026-07-28,101336,google,cpc,Remarketing_Site,mobile,1,1,2,86.0,no_key_event,0
2026-07-28,101360,google,cpc,Pesquisa_Clareamento,mobile,1,0,4,3.0,no_key_event,0
2026-07-28,101361,google,cpc,Pesquisa_Clareamento,mobile,1,1,2,89.0,no_key_event,0
2026-07-28,101349,google,cpc,Pesquisa_Ortodontia,mobile,1,0,1,52.0,no_key_event,0
2026-07-28,101359,instagram,social,(not set),mobile,1,1,4,41.0,no_key_event,0
2026-07-28,101335,google,organic,(not set),mobile,1,1,3,80.0,no_key_event,0
2026-07-28,101333,facebook,cpc,FB_Promo_Avaliacao,mobile,1,0,1,40.0,no_key_event,0
2026-07-28,101334,facebook,cpc,FB_Implantes_Video,desktop,1,0,2,33.0,no_key_event,0
2026-07-28,101310,(direct),(none),(not set),mobile,1,1,3,79.0,no_key_event,0
2026-07-28,101311,(direct),(none),(not set),desktop,1,1,1,32.0,no_key_event,0
2026-07-28,101312,google,cpc,Pesquisa_Implantes,desktop,1,1,1,50.0,no_key_event,0
2026-07-28,101313,google,cpc,Pesquisa_Clareamento,mobile,1,0,3,3.0,no_key_event,0
2026-07-28,101314,(direct),(none),(not set),desktop,1,1,2,10.0,no_key_event,0
2026-07-28,101315,google,cpc,Pesquisa_Ortodontia,mobile,1,1,2,65.0,no_key_event,0
2026-07-28,101316,google,cpc,Pesquisa_Implantes,mobile,1,0,2,5.0,no_key_event,0
2026-07-28,101317,google,organic,(not set),mobile,1,1,2,64.0,no_key_event,0
2026-07-28,101318,(direct),(none),(not set),tablet,1,1,1,94.0,no_key_event,0
2026-07-28,101319,google,maps,(not set),mobile,1,1,1,70.0,no_key_event,0
2026-07-28,101320,(direct),(none),(not set),mobile,1,1,2,36.0,no_key_event,0
2026-07-28,101309,google,cpc,Remarketing_Site,tablet,1,0,1,10.0,no_key_event,0
2026-07-28,101322,google,organic,(not set),desktop,1,1,1,71.0,no_key_event,0
2026-07-28,101323,google,organic,(not set),mobile,1,1,2,27.0,no_key_event,0
2026-07-28,101324,instagram,social,(not set),desktop,1,0,4,60.0,no_key_event,0
2026-07-28,101325,google,organic,(not set),mobile,1,1,3,81.0,no_key_event,0
2026-07-28,101326,google,cpc,Pesquisa_Ortodontia,desktop,1,0,2,19.0,no_key_event,0
2026-07-28,101327,google,cpc,Pesquisa_Clareamento,mobile,1,1,1,57.0,no_key_event,0
2026-07-28,101328,google,cpc,Pesquisa_Ortodontia,mobile,1,1,2,71.0,no_key_event,0
2026-07-28,101329,google,cpc,Pesquisa_Ortodontia,desktop,1,1,3,115.0,no_key_event,0
2026-07-28,101330,google,cpc,Pesquisa_Implantes,mobile,1,0,1,3.0,no_key_event,0
2026-07-28,101331,google,cpc,Pesquisa_Implantes,mobile,1,1,1,41.0,no_key_event,0
2026-07-28,101332,google,cpc,Pesquisa_Clareamento,mobile,1,1,1,11.0,no_key_event,0
2026-07-28,101321,google,cpc,Pesquisa_Ortodontia,mobile,1,0,1,36.0,no_key_event,0
2026-07-29,101396,instagram,social,(not set),desktop,1,1,1,19.0,no_key_event,0
2026-07-29,101395,(direct),(none),(not set),desktop,1,1,1,42.0,no_key_event,0
2026-07-29,101394,google,organic,(not set),desktop,1,1,2,56.0,click_whatsapp,1
2026-07-29,101393,(direct),(none),(not set),mobile,1,0,2,3.0,no_key_event,0
2026-07-29,101388,(direct),(none),(not set),desktop,1,1,1,70.0,no_key_event,0
2026-07-29,101391,facebook,cpc,FB_Implantes_Video,desktop,1,1,3,79.0,no_key_event,0
2026-07-29,101390,instagram,social,(not set),desktop,1,0,2,24.0,no_key_event,0
2026-07-29,101389,google,cpc,Pesquisa_Clareamento,mobile,1,1,1,27.0,no_key_event,0
2026-07-29,101397,instagram,social,(not set),mobile,1,1,1,102.0,no_key_event,0
2026-07-29,101392,google,cpc,Remarketing_Site,tablet,1,1,1,75.0,click_whatsapp,1
2026-07-29,101398,(direct),(none),(not set),tablet,1,1,3,79.0,no_key_event,0
2026-07-29,101404,(direct),(none),(not set),mobile,1,1,3,77.0,no_key_event,0
2026-07-29,101400,google,organic,(not set),mobile,1,1,1,37.0,no_key_event,0
2026-07-29,101401,google,maps,(not set),mobile,1,1,2,59.0,no_key_event,0
2026-07-29,101402,google,cpc,Pesquisa_Clareamento,mobile,1,1,3,82.0,no_key_event,0
2026-07-29,101403,google,cpc,Pesquisa_Ortodontia,mobile,1,0,2,47.0,no_key_event,0
2026-07-29,101405,google,cpc,Pesquisa_Implantes,mobile,1,1,1,77.0,click_whatsapp,1
2026-07-29,101406,facebook,cpc,FB_Promo_Avaliacao,mobile,1,1,1,67.0,no_key_event,0
2026-07-29,101407,google,organic,(not set),mobile,1,1,1,70.0,no_key_event,0
2026-07-29,101409,google,maps,(not set),mobile,1,1,2,115.0,no_key_event,0
2026-07-29,101410,google,cpc,Pesquisa_Clareamento,mobile,1,1,4,104.0,no_key_event,0
2026-07-29,101387,(direct),(none),(not set),mobile,1,1,1,72.0,no_key_event,0
2026-07-29,101399,google,cpc,Remarketing_Site,mobile,1,1,2,74.0,no_key_event,0
2026-07-29,101386,google,organic,(not set),desktop,1,1,2,84.0,no_key_event,0
2026-07-29,101408,instagram,social,(not set),mobile,1,0,1,37.0,no_key_event,0
2026-07-29,101384,google,cpc,Pesquisa_Implantes,desktop,1,0,2,3.0,no_key_event,0
2026-07-29,101362,google,maps,(not set),mobile,1,1,1,51.0,no_key_event,0
2026-07-29,101363,google,maps,(not set),mobile,1,1,4,73.0,no_key_event,0
2026-07-29,101385,google,cpc,Pesquisa_Clareamento,mobile,1,0,1,3.0,no_key_event,0
2026-07-29,101364,instagram,social,(not set),mobile,1,0,2,30.0,no_key_event,0
2026-07-29,101365,google,cpc,Pesquisa_Ortodontia,mobile,1,0,1,28.0,no_key_event,0
2026-07-29,101367,google,cpc,Pesquisa_Implantes,mobile,1,0,1,20.0,no_key_event,0
2026-07-29,101368,google,cpc,Pesquisa_Ortodontia,mobile,1,1,1,74.0,no_key_event,0
2026-07-29,101369,google,cpc,Remarketing_Site,desktop,1,0,1,9.0,no_key_event,0
2026-07-29,101370,google,cpc,Pesquisa_Clareamento,desktop,1,0,3,3.0,no_key_event,0
2026-07-29,101371,google,cpc,Pesquisa_Clareamento,desktop,1,1,1,31.0,no_key_event,0
2026-07-29,101372,(direct),(none),(not set),mobile,1,1,3,63.0,no_key_event,0
2026-07-29,101366,instagram,social,(not set),mobile,1,0,3,65.0,no_key_event,0
2026-07-29,101374,google,cpc,Pesquisa_Implantes,mobile,1,1,2,82.0,no_key_event,0
2026-07-29,101375,instagram,social,(not set),mobile,1,1,1,47.0,no_key_event,0
2026-07-29,101376,facebook,cpc,FB_Implantes_Video,mobile,1,0,1,3.0,no_key_event,0
2026-07-29,101377,google,cpc,Pesquisa_Ortodontia,mobile,1,1,2,83.0,no_key_event,0
2026-07-29,101378,facebook,cpc,FB_Promo_Avaliacao,mobile,1,0,4,8.0,no_key_event,0
2026-07-29,101379,instagram,social,(not set),mobile,1,0,1,61.0,no_key_event,0
2026-07-29,101380,google,organic,(not set),mobile,1,1,1,64.0,click_whatsapp,1
2026-07-29,101381,google,cpc,Pesquisa_Clareamento,desktop,1,0,1,16.0,no_key_event,0
2026-07-29,101382,google,cpc,Pesquisa_Ortodontia,mobile,1,1,2,23.0,no_key_event,0
2026-07-29,101383,instagram,social,(not set),mobile,1,0,3,3.0,no_key_event,0
2026-07-29,101373,google,organic,(not set),mobile,1,0,2,19.0,no_key_event,0
2026-07-30,101452,google,cpc,Remarketing_Site,mobile,1,1,1,85.0,no_key_event,0
2026-07-30,101451,google,cpc,Remarketing_Site,desktop,1,0,2,10.0,no_key_event,0
2026-07-30,101450,google,organic,(not set),mobile,1,0,1,69.0,no_key_event,0
2026-07-30,101449,instagram,social,(not set),desktop,1,0,1,4.0,no_key_event,0
2026-07-30,101448,(direct),(none),(not set),mobile,1,1,1,58.0,no_key_event,0
2026-07-30,101442,facebook,cpc,FB_Implantes_Video,mobile,1,0,3,3.0,no_key_event,0
2026-07-30,101446,google,cpc,Remarketing_Site,mobile,1,1,1,86.0,no_key_event,0
2026-07-30,101445,(direct),(none),(not set),mobile,1,0,2,63.0,no_key_event,0
2026-07-30,101444,facebook,cpc,FB_Promo_Avaliacao,mobile,1,1,2,66.0,no_key_event,0
2026-07-30,101443,google,cpc,Pesquisa_Ortodontia,desktop,1,1,4,84.0,no_key_event,0
2026-07-30,101453,google,cpc,Pesquisa_Clareamento,mobile,1,1,1,54.0,no_key_event,0
2026-07-30,101447,google,cpc,Pesquisa_Ortodontia,mobile,1,0,2,29.0,no_key_event,0
2026-07-30,101454,google,cpc,Pesquisa_Ortodontia,mobile,1,0,2,20.0,no_key_event,0
2026-07-30,101466,google,cpc,Pesquisa_Implantes,mobile,1,1,1,56.0,no_key_event,0
2026-07-30,101456,google,organic,(not set),mobile,1,1,2,86.0,no_key_event,0
2026-07-30,101457,google,organic,(not set),mobile,1,0,1,16.0,no_key_event,0
2026-07-30,101458,instagram,social,(not set),mobile,1,1,1,35.0,no_key_event,0
2026-07-30,101459,(direct),(none),(not set),mobile,1,1,1,65.0,no_key_event,0
2026-07-30,101460,(direct),(none),(not set),mobile,1,1,1,84.0,no_key_event,0
2026-07-30,101461,google,cpc,Pesquisa_Ortodontia,mobile,1,1,1,34.0,no_key_event,0
2026-07-30,101462,google,organic,(not set),desktop,1,0,1,3.0,no_key_event,0
2026-07-30,101463,google,cpc,Pesquisa_Implantes,desktop,1,1,3,88.0,no_key_event,0
2026-07-30,101464,facebook,cpc,FB_Implantes_Video,mobile,1,0,1,61.0,no_key_event,0
2026-07-30,101465,google,cpc,Remarketing_Site,mobile,1,0,2,16.0,no_key_event,0
2026-07-30,101441,google,cpc,Pesquisa_Implantes,mobile,1,1,2,81.0,no_key_event,0
2026-07-30,101467,google,cpc,Pesquisa_Ortodontia,mobile,1,0,1,11.0,no_key_event,0
2026-07-30,101455,google,cpc,Remarketing_Site,mobile,1,0,2,15.0,no_key_event,0
2026-07-30,101440,google,cpc,Pesquisa_Ortodontia,mobile,1,1,3,3.0,no_key_event,0
2026-07-30,101437,google,organic,(not set),mobile,1,1,4,89.0,click_whatsapp,1
2026-07-30,101438,google,cpc,Remarketing_Site,desktop,1,1,1,107.0,no_key_event,0
2026-07-30,101411,google,cpc,Pesquisa_Ortodontia,mobile,1,1,1,74.0,no_key_event,0
2026-07-30,101412,google,organic,(not set),mobile,1,0,3,3.0,no_key_event,0
2026-07-30,101413,(direct),(none),(not set),mobile,1,1,2,67.0,click_whatsapp,1
2026-07-30,101439,google,maps,(not set),tablet,1,1,1,47.0,no_key_event,0
2026-07-30,101415,instagram,social,(not set),mobile,1,0,2,41.0,no_key_event,0
2026-07-30,101416,google,organic,(not set),mobile,1,1,1,69.0,click_whatsapp,1
2026-07-30,101417,instagram,social,(not set),mobile,1,0,1,3.0,no_key_event,0
2026-07-30,101418,facebook,cpc,FB_Implantes_Video,mobile,1,0,3,7.0,no_key_event,0
2026-07-30,101419,google,cpc,Pesquisa_Ortodontia,desktop,1,1,1,44.0,no_key_event,0
2026-07-30,101420,google,organic,(not set),mobile,1,0,1,3.0,no_key_event,0
2026-07-30,101421,google,cpc,Pesquisa_Ortodontia,mobile,1,0,4,30.0,no_key_event,0
2026-07-30,101422,(direct),(none),(not set),desktop,1,1,2,81.0,no_key_event,0
2026-07-30,101423,instagram,social,(not set),desktop,1,0,4,68.0,no_key_event,0
2026-07-30,101414,instagram,social,(not set),mobile,1,1,1,89.0,no_key_event,0
2026-07-30,101425,facebook,cpc,FB_Implantes_Video,mobile,1,0,2,41.0,no_key_event,0
2026-07-30,101424,instagram,social,(not set),mobile,1,1,2,54.0,click_whatsapp,1
2026-07-30,101436,instagram,social,(not set),desktop,1,0,1,72.0,no_key_event,0
2026-07-30,101434,google,cpc,Pesquisa_Clareamento,mobile,1,0,2,30.0,no_key_event,0
2026-07-30,101433,google,cpc,Pesquisa_Ortodontia,mobile,1,1,3,135.0,no_key_event,0
2026-07-30,101432,google,cpc,Remarketing_Site,mobile,1,0,3,6.0,no_key_event,0
2026-07-30,101435,google,cpc,Pesquisa_Ortodontia,mobile,1,0,3,3.0,no_key_event,0
2026-07-30,101430,google,organic,(not set),mobile,1,0,1,14.0,no_key_event,0
2026-07-30,101429,google,maps,(not set),desktop,1,0,1,39.0,no_key_event,0
2026-07-30,101428,instagram,social,(not set),mobile,1,0,4,3.0,no_key_event,0
2026-07-30,101427,(direct),(none),(not set),mobile,1,0,2,3.0,no_key_event,0
2026-07-30,101426,google,cpc,Remarketing_Site,mobile,1,0,1,3.0,no_key_event,0
2026-07-30,101431,google,organic,(not set),mobile,1,0,1,3.0,no_key_event,0
2026-07-31,101498,google,cpc,Pesquisa_Implantes,mobile,1,1,1,63.0,no_key_event,0
2026-07-31,101491,instagram,social,(not set),mobile,1,0,3,64.0,no_key_event,0
2026-07-31,101492,google,organic,(not set),desktop,1,1,2,84.0,no_key_event,0
2026-07-31,101493,(direct),(none),(not set),mobile,1,0,1,24.0,no_key_event,0
2026-07-31,101494,google,maps,(not set),mobile,1,1,1,92.0,no_key_event,0
2026-07-31,101495,instagram,social,(not set),mobile,1,1,3,101.0,no_key_event,0
2026-07-31,101496,google,cpc,Pesquisa_Implantes,mobile,1,1,1,65.0,no_key_event,0
2026-07-31,101497,google,organic,(not set),tablet,1,1,1,105.0,no_key_event,0
2026-07-31,101499,google,cpc,Remarketing_Site,mobile,1,1,2,72.0,no_key_event,0
2026-07-31,101506,google,cpc,Pesquisa_Implantes,mobile,1,1,3,100.0,no_key_event,0
2026-07-31,101501,instagram,social,(not set),mobile,1,0,3,12.0,no_key_event,0
2026-07-31,101502,google,maps,(not set),mobile,1,0,1,39.0,no_key_event,0
2026-07-31,101503,google,organic,(not set),mobile,1,1,1,110.0,no_key_event,0
2026-07-31,101504,instagram,social,(not set),mobile,1,0,2,58.0,no_key_event,0
2026-07-31,101505,instagram,social,(not set),mobile,1,1,3,75.0,no_key_event,0
2026-07-31,101507,instagram,social,(not set),desktop,1,1,3,61.0,no_key_event,0
2026-07-31,101508,google,cpc,Pesquisa_Implantes,mobile,1,1,4,68.0,no_key_event,0
2026-07-31,101509,google,cpc,Pesquisa_Implantes,mobile,1,1,1,98.0,no_key_event,0
2026-07-31,101490,google,cpc,Remarketing_Site,mobile,1,0,1,21.0,no_key_event,0
2026-07-31,101500,google,organic,(not set),mobile,1,1,4,61.0,no_key_event,0
2026-07-31,101489,google,maps,(not set),desktop,1,1,1,80.0,no_key_event,0
2026-07-31,101471,(direct),(none),(not set),mobile,1,1,1,58.0,no_key_event,0
2026-07-31,101487,google,organic,(not set),mobile,1,1,2,40.0,no_key_event,0
2026-07-31,101488,google,cpc,Remarketing_Site,mobile,1,1,3,53.0,no_key_event,0
2026-07-31,101468,google,cpc,Pesquisa_Clareamento,desktop,1,1,1,50.0,no_key_event,0
2026-07-31,101469,(direct),(none),(not set),mobile,1,1,1,81.0,no_key_event,0
2026-07-31,101472,(direct),(none),(not set),mobile,1,1,1,28.0,no_key_event,0
2026-07-31,101473,google,organic,(not set),desktop,1,1,1,55.0,no_key_event,0
2026-07-31,101474,google,organic,(not set),mobile,1,0,4,3.0,no_key_event,0
2026-07-31,101475,(direct),(none),(not set),mobile,1,0,3,45.0,no_key_event,0
2026-07-31,101476,facebook,cpc,FB_Promo_Avaliacao,desktop,1,1,2,107.0,no_key_event,0
2026-07-31,101477,facebook,cpc,FB_Implantes_Video,mobile,1,0,1,3.0,no_key_event,0
2026-07-31,101470,google,organic,(not set),desktop,1,1,1,54.0,no_key_event,0
2026-07-31,101479,google,cpc,Pesquisa_Ortodontia,desktop,1,1,1,76.0,no_key_event,0
2026-07-31,101480,google,cpc,Remarketing_Site,mobile,1,0,1,46.0,no_key_event,0
2026-07-31,101481,google,organic,(not set),mobile,1,1,1,103.0,no_key_event,0
2026-07-31,101482,google,organic,(not set),mobile,1,1,2,10.0,no_key_event,0
2026-07-31,101483,google,cpc,Remarketing_Site,mobile,1,1,4,44.0,no_key_event,0
2026-07-31,101486,google,maps,(not set),desktop,1,1,3,85.0,click_whatsapp,1
2026-07-31,101484,(direct),(none),(not set),mobile,1,1,2,104.0,no_key_event,0
2026-07-31,101485,facebook,cpc,FB_Promo_Avaliacao,mobile,1,0,2,23.0,no_key_event,0
2026-07-31,101478,google,maps,(not set),mobile,1,0,2,16.0,no_key_event,0
2026-08-01,101529,google,organic,(not set),desktop,1,1,3,30.0,no_key_event,0
2026-08-01,101530,instagram,social,(not set),mobile,1,0,1,9.0,no_key_event,0
2026-08-01,101531,(direct),(none),(not set),mobile,1,1,4,89.0,click_whatsapp,1
2026-08-01,101532,google,organic,(not set),mobile,1,1,1,95.0,no_key_event,0
2026-08-01,101533,google,organic,(not set),mobile,1,1,4,73.0,no_key_event,0
2026-08-01,101534,google,cpc,Remarketing_Site,mobile,1,0,4,36.0,no_key_event,0
2026-08-01,101538,instagram,social,(not set),desktop,1,0,3,18.0,no_key_event,0
2026-08-01,101536,(direct),(none),(not set),mobile,1,1,2,102.0,no_key_event,0
2026-08-01,101537,google,cpc,Pesquisa_Clareamento,mobile,1,1,2,64.0,no_key_event,0
2026-08-01,101539,google,organic,(not set),mobile,1,1,1,71.0,no_key_event,0
2026-08-01,101540,instagram,social,(not set),mobile,1,0,2,41.0,no_key_event,0
2026-08-01,101541,google,cpc,Remarketing_Site,desktop,1,0,2,32.0,no_key_event,0
2026-08-01,101528,instagram,social,(not set),mobile,1,0,1,3.0,no_key_event,0
2026-08-01,101542,google,cpc,Pesquisa_Ortodontia,tablet,1,0,2,48.0,no_key_event,0
2026-08-01,101535,instagram,social,(not set),mobile,1,0,4,3.0,no_key_event,0
2026-08-01,101527,google,organic,(not set),mobile,1,0,1,17.0,no_key_event,0
2026-08-01,101522,(direct),(none),(not set),mobile,1,0,1,3.0,no_key_event,0
2026-08-01,101525,facebook,cpc,FB_Implantes_Video,mobile,1,0,2,36.0,no_key_event,0
2026-08-01,101526,google,organic,(not set),mobile,1,1,1,81.0,no_key_event,0
2026-08-01,101511,google,cpc,Pesquisa_Clareamento,desktop,1,1,2,50.0,no_key_event,0
2026-08-01,101512,google,cpc,Pesquisa_Implantes,mobile,1,0,2,24.0,no_key_event,0
2026-08-01,101513,google,organic,(not set),tablet,1,0,1,3.0,no_key_event,0
2026-08-01,101514,google,organic,(not set),mobile,1,0,1,5.0,no_key_event,0
2026-08-01,101515,facebook,cpc,FB_Implantes_Video,desktop,1,0,2,3.0,no_key_event,0
2026-08-01,101516,google,organic,(not set),desktop,1,0,1,10.0,click_whatsapp,1
2026-08-01,101510,google,maps,(not set),mobile,1,1,2,87.0,click_whatsapp,1
2026-08-01,101518,google,cpc,Remarketing_Site,desktop,1,1,1,67.0,no_key_event,0
2026-08-01,101519,(direct),(none),(not set),mobile,1,1,2,53.0,click_whatsapp,1
2026-08-01,101520,google,organic,(not set),mobile,1,0,3,11.0,no_key_event,0
2026-08-01,101521,google,cpc,Remarketing_Site,mobile,1,1,1,133.0,no_key_event,0
2026-08-01,101523,google,cpc,Pesquisa_Ortodontia,mobile,1,1,2,54.0,no_key_event,0
2026-08-01,101524,google,organic,(not set),mobile,1,0,2,87.0,no_key_event,0
2026-08-01,101517,google,cpc,Remarketing_Site,mobile,1,1,1,40.0,no_key_event,0
2026-08-02,101558,facebook,cpc,FB_Promo_Avaliacao,mobile,1,0,1,3.0,no_key_event,0
2026-08-02,101559,(direct),(none),(not set),mobile,1,1,1,76.0,click_whatsapp,1
2026-08-02,101560,google,organic,(not set),mobile,1,1,1,67.0,no_key_event,0
2026-08-02,101561,facebook,cpc,FB_Implantes_Video,tablet,1,1,1,48.0,no_key_event,0
2026-08-02,101562,google,cpc,Pesquisa_Clareamento,mobile,1,0,1,53.0,no_key_event,0
2026-08-02,101566,instagram,social,(not set),desktop,1,1,1,91.0,no_key_event,0
2026-08-02,101564,(direct),(none),(not set),tablet,1,1,2,43.0,no_key_event,0
2026-08-02,101565,google,cpc,Pesquisa_Implantes,mobile,1,1,1,95.0,no_key_event,0
2026-08-02,101567,google,organic,(not set),desktop,1,0,2,9.0,no_key_event,0
2026-08-02,101568,facebook,cpc,FB_Promo_Avaliacao,mobile,1,0,1,21.0,no_key_event,0
2026-08-02,101557,google,cpc,Pesquisa_Implantes,mobile,1,1,1,96.0,no_key_event,0
2026-08-02,101563,google,organic,(not set),mobile,1,0,3,40.0,no_key_event,0
2026-08-02,101556,google,cpc,Pesquisa_Ortodontia,desktop,1,1,2,67.0,no_key_event,0
2026-08-02,101554,google,cpc,Remarketing_Site,mobile,1,0,1,3.0,no_key_event,0
2026-08-02,101545,(direct),(none),(not set),desktop,1,1,1,43.0,no_key_event,0
2026-08-02,101553,facebook,cpc,FB_Implantes_Video,desktop,1,0,3,3.0,no_key_event,0
2026-08-02,101552,google,organic,(not set),mobile,1,1,1,111.0,no_key_event,0
2026-08-02,101551,google,organic,(not set),mobile,1,1,1,37.0,no_key_event,0
2026-08-02,101550,google,cpc,Pesquisa_Clareamento,desktop,1,0,2,35.0,no_key_event,0
2026-08-02,101549,google,maps,(not set),mobile,1,1,4,74.0,no_key_event,0
2026-08-02,101548,google,cpc,Pesquisa_Ortodontia,mobile,1,1,2,77.0,no_key_event,0
2026-08-02,101547,google,cpc,Pesquisa_Ortodontia,mobile,1,1,1,33.0,no_key_event,0
2026-08-02,101546,google,cpc,Remarketing_Site,mobile,1,1,2,67.0,no_key_event,0
2026-08-02,101544,instagram,social,(not set),mobile,1,1,3,59.0,no_key_event,0
2026-08-02,101543,google,cpc,Remarketing_Site,mobile,1,1,2,64.0,no_key_event,0
2026-08-02,101555,(direct),(none),(not set),desktop,1,1,2,51.0,no_key_event,0
2026-08-03,101616,(direct),(none),(not set),mobile,1,1,4,70.0,no_key_event,0
2026-08-03,101617,google,cpc,Pesquisa_Implantes,mobile,1,1,4,30.0,no_key_event,0
2026-08-03,101618,google,cpc,Pesquisa_Ortodontia,mobile,1,1,1,47.0,no_key_event,0
2026-08-03,101639,google,maps,(not set),desktop,1,1,4,89.0,no_key_event,0
2026-08-03,101620,google,organic,(not set),mobile,1,1,2,69.0,click_whatsapp,1
2026-08-03,101615,google,organic,(not set),mobile,1,1,2,45.0,no_key_event,0
2026-08-03,101619,(direct),(none),(not set),tablet,1,1,4,72.0,no_key_event,0
2026-08-03,101614,google,cpc,Pesquisa_Implantes,mobile,1,1,3,47.0,no_key_event,0
2026-08-03,101608,google,organic,(not set),mobile,1,0,2,4.0,no_key_event,0
2026-08-03,101612,google,maps,(not set),mobile,1,1,2,89.0,no_key_event,0
2026-08-03,101611,google,cpc,Pesquisa_Clareamento,mobile,1,0,3,40.0,no_key_event,0
2026-08-03,101610,(direct),(none),(not set),mobile,1,1,4,22.0,no_key_event,0
2026-08-03,101609,google,cpc,Pesquisa_Ortodontia,mobile,1,0,2,35.0,no_key_event,0
2026-08-03,101621,(direct),(none),(not set),desktop,1,0,1,3.0,no_key_event,0
2026-08-03,101607,google,organic,(not set),mobile,1,1,1,95.0,click_whatsapp,1
2026-08-03,101613,google,cpc,Pesquisa_Implantes,mobile,1,0,3,6.0,no_key_event,0
2026-08-03,101622,(direct),(none),(not set),mobile,1,1,2,56.0,click_whatsapp,1
2026-08-03,101628,instagram,social,(not set),desktop,1,0,2,3.0,no_key_event,0
2026-08-03,101624,instagram,social,(not set),desktop,1,0,2,9.0,no_key_event,0
2026-08-03,101640,google,cpc,Pesquisa_Clareamento,mobile,1,0,1,3.0,no_key_event,0
2026-08-03,101638,google,organic,(not set),mobile,1,1,1,101.0,no_key_event,0
2026-08-03,101637,google,cpc,Pesquisa_Ortodontia,mobile,1,0,1,64.0,no_key_event,0
2026-08-03,101636,(direct),(none),(not set),mobile,1,0,1,5.0,no_key_event,0
2026-08-03,101635,(direct),(none),(not set),mobile,1,1,4,86.0,click_whatsapp,1
2026-08-03,101634,google,cpc,Pesquisa_Implantes,mobile,1,1,1,69.0,no_key_event,0
2026-08-03,101623,google,organic,(not set),mobile,1,1,1,36.0,no_key_event,0
2026-08-03,101633,facebook,cpc,FB_Implantes_Video,mobile,1,1,2,85.0,no_key_event,0
2026-08-03,101630,google,cpc,Remarketing_Site,desktop,1,1,2,99.0,no_key_event,0
2026-08-03,101629,facebook,cpc,FB_Promo_Avaliacao,mobile,1,0,3,25.0,no_key_event,0
2026-08-03,101606,google,cpc,Remarketing_Site,desktop,1,0,1,22.0,no_key_event,0
2026-08-03,101627,facebook,cpc,FB_Promo_Avaliacao,mobile,1,0,2,3.0,no_key_event,0
2026-08-03,101626,google,cpc,Remarketing_Site,mobile,1,0,4,38.0,no_key_event,0
2026-08-03,101625,facebook,cpc,FB_Implantes_Video,mobile,1,0,2,19.0,no_key_event,0
2026-08-03,101631,facebook,cpc,FB_Implantes_Video,mobile,1,0,3,40.0,no_key_event,0
2026-08-03,101605,google,cpc,Pesquisa_Ortodontia,mobile,1,0,1,3.0,no_key_event,0
2026-08-03,101632,google,cpc,Pesquisa_Ortodontia,desktop,1,1,2,44.0,no_key_event,0
2026-08-03,101603,(direct),(none),(not set),desktop,1,1,1,65.0,no_key_event,0
2026-08-03,101583,google,cpc,Pesquisa_Clareamento,desktop,1,0,2,11.0,no_key_event,0
2026-08-03,101582,google,cpc,Remarketing_Site,mobile,1,1,3,100.0,no_key_event,0
2026-08-03,101581,google,cpc,Remarketing_Site,mobile,1,0,1,3.0,no_key_event,0
2026-08-03,101580,google,organic,(not set),mobile,1,1,4,85.0,no_key_event,0
2026-08-03,101579,google,cpc,Remarketing_Site,mobile,1,1,2,47.0,no_key_event,0
2026-08-03,101578,google,cpc,Pesquisa_Clareamento,desktop,1,1,1,76.0,no_key_event,0
2026-08-03,101577,google,cpc,Pesquisa_Ortodontia,mobile,1,0,4,31.0,no_key_event,0
2026-08-03,101576,google,organic,(not set),mobile,1,0,3,28.0,no_key_event,0
2026-08-03,101575,instagram,social,(not set),mobile,1,0,4,40.0,no_key_event,0
2026-08-03,101574,google,maps,(not set),mobile,1,1,2,103.0,no_key_event,0
2026-08-03,101572,google,cpc,Remarketing_Site,mobile,1,0,2,3.0,no_key_event,0
2026-08-03,101571,google,cpc,Pesquisa_Implantes,mobile,1,0,4,3.0,no_key_event,0
2026-08-03,101570,google,cpc,Pesquisa_Clareamento,mobile,1,1,1,66.0,no_key_event,0
2026-08-03,101569,google,cpc,Pesquisa_Ortodontia,desktop,1,1,4,86.0,no_key_event,0
2026-08-03,101604,google,organic,(not set),mobile,1,0,1,17.0,no_key_event,0
2026-08-03,101584,google,cpc,Remarketing_Site,mobile,1,0,2,31.0,no_key_event,0
2026-08-03,101585,facebook,cpc,FB_Implantes_Video,mobile,1,0,2,32.0,no_key_event,0
2026-08-03,101573,google,organic,(not set),mobile,1,1,2,79.0,no_key_event,0
2026-08-03,101587,google,organic,(not set),mobile,1,0,1,21.0,no_key_event,0
2026-08-03,101602,google,organic,(not set),mobile,1,1,3,43.0,no_key_event,0
2026-08-03,101586,google,organic,(not set),mobile,1,1,3,52.0,no_key_event,0
2026-08-03,101601,google,organic,(not set),mobile,1,0,2,9.0,no_key_event,0
2026-08-03,101600,google,cpc,Pesquisa_Clareamento,mobile,1,1,1,60.0,click_whatsapp,1
2026-08-03,101598,google,cpc,Pesquisa_Clareamento,desktop,1,0,3,3.0,no_key_event,0
2026-08-03,101597,google,cpc,Pesquisa_Ortodontia,mobile,1,0,4,3.0,no_key_event,0
2026-08-03,101596,google,cpc,Pesquisa_Ortodontia,mobile,1,0,1,3.0,no_key_event,0
2026-08-03,101595,instagram,social,(not set),mobile,1,0,1,3.0,no_key_event,0
2026-08-03,101599,google,cpc,Pesquisa_Ortodontia,mobile,1,0,2,35.0,no_key_event,0
2026-08-03,101594,google,cpc,Remarketing_Site,desktop,1,1,2,88.0,no_key_event,0
2026-08-03,101593,facebook,cpc,FB_Implantes_Video,mobile,1,1,2,52.0,no_key_event,0
2026-08-03,101588,google,cpc,Pesquisa_Ortodontia,mobile,1,1,2,81.0,no_key_event,0
2026-08-03,101592,google,cpc,Remarketing_Site,mobile,1,0,1,50.0,no_key_event,0
2026-08-03,101591,google,organic,(not set),mobile,1,1,2,3.0,no_key_event,0
2026-08-03,101590,google,cpc,Pesquisa_Ortodontia,mobile,1,1,3,76.0,no_key_event,0
2026-08-03,101589,facebook,cpc,FB_Implantes_Video,desktop,1,0,3,13.0,no_key_event,0
2026-08-04,101680,google,cpc,Remarketing_Site,mobile,1,0,2,3.0,no_key_event,0
2026-08-04,101679,google,cpc,Remarketing_Site,mobile,1,0,1,16.0,no_key_event,0
2026-08-04,101678,google,cpc,Pesquisa_Clareamento,mobile,1,0,2,34.0,no_key_event,0
2026-08-04,101677,instagram,social,(not set),mobile,1,0,2,11.0,no_key_event,0
2026-08-04,101675,google,cpc,Pesquisa_Ortodontia,mobile,1,1,3,97.0,no_key_event,0
2026-08-04,101671,instagram,social,(not set),mobile,1,0,2,3.0,no_key_event,0
2026-08-04,101674,(direct),(none),(not set),mobile,1,1,1,38.0,no_key_event,0
2026-08-04,101673,google,cpc,Remarketing_Site,mobile,1,1,3,49.0,no_key_event,0
2026-08-04,101681,google,cpc,Pesquisa_Ortodontia,mobile,1,1,2,45.0,no_key_event,0
2026-08-04,101672,google,cpc,Pesquisa_Implantes,desktop,1,0,1,3.0,no_key_event,0
2026-08-04,101676,google,maps,(not set),mobile,1,1,1,99.0,no_key_event,0
2026-08-04,101682,google,cpc,Pesquisa_Ortodontia,mobile,1,0,2,25.0,no_key_event,0
2026-08-04,101690,google,cpc,Pesquisa_Ortodontia,desktop,1,1,2,40.0,no_key_event,0
2026-08-04,101684,google,cpc,Pesquisa_Clareamento,mobile,1,0,2,24.0,no_key_event,0
2026-08-04,101685,instagram,social,(not set),tablet,1,0,1,3.0,no_key_event,0
2026-08-04,101686,instagram,social,(not set),desktop,1,0,1,3.0,no_key_event,0
2026-08-04,101687,google,organic,(not set),mobile,1,0,2,3.0,click_whatsapp,1
2026-08-04,101688,google,cpc,Pesquisa_Implantes,mobile,1,1,1,89.0,no_key_event,0
2026-08-04,101689,google,organic,(not set),mobile,1,0,4,3.0,no_key_event,0
2026-08-04,101691,google,cpc,Pesquisa_Implantes,mobile,1,1,3,61.0,no_key_event,0
2026-08-04,101692,google,organic,(not set),mobile,1,1,1,48.0,no_key_event,0
2026-08-04,101693,instagram,social,(not set),mobile,1,1,2,46.0,no_key_event,0
2026-08-04,101694,google,cpc,Pesquisa_Implantes,mobile,1,0,1,18.0,no_key_event,0
2026-08-04,101695,google,organic,(not set),mobile,1,1,1,66.0,no_key_event,0
2026-08-04,101670,instagram,social,(not set),mobile,1,0,3,19.0,no_key_event,0
2026-08-04,101696,google,maps,(not set),mobile,1,1,1,90.0,no_key_event,0
2026-08-04,101683,google,cpc,Pesquisa_Ortodontia,mobile,1,1,4,81.0,no_key_event,0
2026-08-04,101669,google,cpc,Pesquisa_Implantes,mobile,1,1,3,68.0,click_whatsapp,1
2026-08-04,101656,google,organic,(not set),mobile,1,0,4,9.0,no_key_event,0
2026-08-04,101667,google,organic,(not set),mobile,1,1,1,81.0,no_key_event,0
2026-08-04,101641,google,maps,(not set),mobile,1,1,1,113.0,no_key_event,0
2026-08-04,101642,facebook,cpc,FB_Implantes_Video,desktop,1,0,3,8.0,no_key_event,0
2026-08-04,101643,facebook,cpc,FB_Promo_Avaliacao,mobile,1,0,1,9.0,no_key_event,0
2026-08-04,101644,facebook,cpc,FB_Implantes_Video,mobile,1,0,1,69.0,no_key_event,0
2026-08-04,101645,google,cpc,Pesquisa_Implantes,mobile,1,1,1,88.0,no_key_event,0
2026-08-04,101646,google,cpc,Pesquisa_Implantes,desktop,1,1,2,99.0,no_key_event,0
2026-08-04,101647,google,cpc,Pesquisa_Ortodontia,mobile,1,1,4,114.0,no_key_event,0
2026-08-04,101668,google,maps,(not set),desktop,1,1,2,22.0,no_key_event,0
2026-08-04,101649,google,maps,(not set),mobile,1,1,4,84.0,no_key_event,0
2026-08-04,101650,google,cpc,Remarketing_Site,mobile,1,0,3,3.0,no_key_event,0
2026-08-04,101651,instagram,social,(not set),mobile,1,0,1,3.0,no_key_event,0
2026-08-04,101652,google,cpc,Pesquisa_Clareamento,mobile,1,0,1,13.0,no_key_event,0
2026-08-04,101648,google,cpc,Remarketing_Site,desktop,1,1,1,54.0,no_key_event,0
2026-08-04,101654,google,cpc,Pesquisa_Ortodontia,mobile,1,0,2,11.0,no_key_event,0
2026-08-04,101653,google,cpc,Pesquisa_Clareamento,desktop,1,1,3,57.0,no_key_event,0
2026-08-04,101665,google,organic,(not set),mobile,1,1,1,49.0,no_key_event,0
2026-08-04,101664,instagram,social,(not set),mobile,1,0,3,16.0,no_key_event,0
2026-08-04,101663,google,organic,(not set),mobile,1,0,4,30.0,no_key_event,0
2026-08-04,101662,instagram,social,(not set),mobile,1,1,3,94.0,no_key_event,0
2026-08-04,101666,instagram,social,(not set),mobile,1,1,2,91.0,no_key_event,0
2026-08-04,101660,google,organic,(not set),mobile,1,0,2,64.0,no_key_event,0
2026-08-04,101659,(direct),(none),(not set),mobile,1,0,3,10.0,no_key_event,0
2026-08-04,101658,google,cpc,Remarketing_Site,desktop,1,1,3,52.0,no_key_event,0
2026-08-04,101657,google,cpc,Pesquisa_Clareamento,mobile,1,1,3,62.0,no_key_event,0
2026-08-04,101655,google,organic,(not set),mobile,1,1,4,35.0,no_key_event,0
2026-08-04,101661,google,cpc,Remarketing_Site,desktop,1,1,1,82.0,no_key_event,0
2026-08-05,101733,facebook,cpc,FB_Implantes_Video,mobile,1,0,1,42.0,no_key_event,0
2026-08-05,101732,facebook,cpc,FB_Implantes_Video,mobile,1,0,2,27.0,no_key_event,0
2026-08-05,101731,instagram,social,(not set),mobile,1,1,1,69.0,no_key_event,0
2026-08-05,101730,google,cpc,Pesquisa_Implantes,mobile,1,1,1,63.0,no_key_event,0
2026-08-05,101727,google,organic,(not set),mobile,1,0,1,31.0,no_key_event,0
2026-08-05,101728,(direct),(none),(not set),mobile,1,1,1,49.0,no_key_event,0
2026-08-05,101726,google,cpc,Remarketing_Site,mobile,1,1,2,75.0,no_key_event,0
2026-08-05,101725,google,organic,(not set),mobile,1,1,3,67.0,no_key_event,0
2026-08-05,101734,google,cpc,Pesquisa_Clareamento,desktop,1,0,1,55.0,no_key_event,0
2026-08-05,101729,google,cpc,Pesquisa_Ortodontia,mobile,1,1,2,69.0,no_key_event,0
2026-08-05,101736,google,cpc,Remarketing_Site,mobile,1,0,2,13.0,no_key_event,0
2026-08-05,101724,facebook,cpc,FB_Promo_Avaliacao,mobile,1,1,1,95.0,no_key_event,0
2026-08-05,101738,google,maps,(not set),mobile,1,1,2,84.0,click_whatsapp,1
2026-08-05,101739,facebook,cpc,FB_Promo_Avaliacao,tablet,1,0,2,3.0,no_key_event,0
2026-08-05,101740,google,cpc,Pesquisa_Implantes,mobile,1,1,2,103.0,no_key_event,0
2026-08-05,101741,google,cpc,Pesquisa_Clareamento,mobile,1,1,3,110.0,no_key_event,0
2026-08-05,101742,google,organic,(not set),mobile,1,1,1,61.0,no_key_event,0
2026-08-05,101743,instagram,social,(not set),mobile,1,0,1,16.0,no_key_event,0
2026-08-05,101744,google,cpc,Pesquisa_Implantes,mobile,1,0,1,19.0,no_key_event,0
2026-08-05,101745,instagram,social,(not set),mobile,1,0,1,49.0,no_key_event,0
2026-08-05,101746,google,cpc,Pesquisa_Clareamento,desktop,1,0,1,13.0,no_key_event,0
2026-08-05,101747,google,cpc,Remarketing_Site,mobile,1,0,1,26.0,no_key_event,0
2026-08-05,101748,google,organic,(not set),mobile,1,1,1,55.0,no_key_event,0
2026-08-05,101737,google,organic,(not set),mobile,1,0,1,3.0,no_key_event,0
2026-08-05,101723,google,maps,(not set),tablet,1,1,2,21.0,no_key_event,0
2026-08-05,101735,(direct),(none),(not set),mobile,1,1,1,77.0,no_key_event,0
2026-08-05,101721,google,organic,(not set),mobile,1,0,1,3.0,no_key_event,0
2026-08-05,101698,google,organic,(not set),mobile,1,0,2,13.0,no_key_event,0
2026-08-05,101699,google,maps,(not set),mobile,1,1,3,57.0,no_key_event,0
2026-08-05,101700,facebook,cpc,FB_Promo_Avaliacao,mobile,1,0,3,27.0,no_key_event,0
2026-08-05,101701,(direct),(none),(not set),tablet,1,1,1,86.0,no_key_event,0
2026-08-05,101702,google,maps,(not set),mobile,1,1,4,66.0,no_key_event,0
2026-08-05,101703,google,cpc,Pesquisa_Implantes,desktop,1,1,3,80.0,no_key_event,0
2026-08-05,101704,google,cpc,Pesquisa_Clareamento,mobile,1,1,4,83.0,no_key_event,0
2026-08-05,101705,google,cpc,Remarketing_Site,mobile,1,0,4,36.0,no_key_event,0
2026-08-05,101706,google,cpc,Pesquisa_Clareamento,mobile,1,1,1,52.0,no_key_event,0
2026-08-05,101707,facebook,cpc,FB_Implantes_Video,mobile,1,0,1,28.0,no_key_event,0
2026-08-05,101708,google,cpc,Pesquisa_Implantes,mobile,1,0,1,16.0,no_key_event,0
2026-08-05,101709,google,cpc,Pesquisa_Clareamento,mobile,1,1,2,48.0,no_key_event,0
2026-08-05,101697,google,organic,(not set),mobile,1,0,2,17.0,no_key_event,0
2026-08-05,101710,(direct),(none),(not set),mobile,1,1,4,69.0,no_key_event,0
2026-08-05,101711,google,organic,(not set),mobile,1,1,4,82.0,click_whatsapp,1
2026-08-05,101712,facebook,cpc,FB_Promo_Avaliacao,mobile,1,1,1,76.0,no_key_event,0
2026-08-05,101713,(direct),(none),(not set),mobile,1,0,2,24.0,no_key_event,0
2026-08-05,101714,google,cpc,Pesquisa_Implantes,mobile,1,1,1,55.0,no_key_event,0
2026-08-05,101715,google,cpc,Pesquisa_Clareamento,mobile,1,0,3,3.0,click_whatsapp,1
2026-08-05,101716,google,cpc,Pesquisa_Clareamento,desktop,1,0,1,9.0,no_key_event,0
2026-08-05,101717,google,cpc,Pesquisa_Ortodontia,desktop,1,1,1,65.0,no_key_event,0
2026-08-05,101718,google,organic,(not set),mobile,1,0,2,28.0,no_key_event,0
2026-08-05,101719,google,cpc,Pesquisa_Clareamento,desktop,1,1,1,47.0,no_key_event,0
2026-08-05,101720,instagram,social,(not set),mobile,1,0,2,26.0,no_key_event,0
2026-08-05,101722,facebook,cpc,FB_Implantes_Video,mobile,1,1,1,62.0,no_key_event,0
2026-08-06,101785,google,cpc,Pesquisa_Implantes,mobile,1,0,1,17.0,no_key_event,0
2026-08-06,101784,instagram,social,(not set),mobile,1,1,1,54.0,no_key_event,0
2026-08-06,101783,(direct),(none),(not set),desktop,1,1,1,103.0,no_key_event,0
2026-08-06,101782,google,cpc,Pesquisa_Clareamento,mobile,1,0,3,20.0,no_key_event,0
2026-08-06,101776,google,cpc,Pesquisa_Ortodontia,mobile,1,1,4,73.0,no_key_event,0
2026-08-06,101780,facebook,cpc,FB_Promo_Avaliacao,mobile,1,0,1,3.0,no_key_event,0
2026-08-06,101779,google,cpc,Pesquisa_Ortodontia,desktop,1,0,1,46.0,no_key_event,0
2026-08-06,101777,(direct),(none),(not set),mobile,1,1,4,63.0,click_whatsapp,1
2026-08-06,101786,instagram,social,(not set),desktop,1,1,3,82.0,no_key_event,0
2026-08-06,101781,(direct),(none),(not set),desktop,1,0,2,3.0,no_key_event,0
2026-08-06,101787,google,cpc,Pesquisa_Implantes,mobile,1,0,2,42.0,no_key_event,0
2026-08-06,101793,(direct),(none),(not set),mobile,1,1,2,28.0,no_key_event,0
2026-08-06,101789,google,organic,(not set),mobile,1,1,4,54.0,click_whatsapp,1
2026-08-06,101790,instagram,social,(not set),mobile,1,1,2,49.0,no_key_event,0
2026-08-06,101791,google,organic,(not set),desktop,1,1,4,39.0,click_whatsapp,1
2026-08-06,101792,google,organic,(not set),mobile,1,1,1,103.0,no_key_event,0
2026-08-06,101794,google,cpc,Pesquisa_Clareamento,mobile,1,0,2,40.0,no_key_event,0
2026-08-06,101795,google,cpc,Pesquisa_Implantes,mobile,1,1,1,89.0,no_key_event,0
2026-08-06,101796,google,cpc,Pesquisa_Clareamento,mobile,1,1,2,85.0,no_key_event,0
2026-08-06,101797,facebook,cpc,FB_Implantes_Video,desktop,1,0,1,10.0,no_key_event,0
2026-08-06,101798,google,maps,(not set),desktop,1,1,1,58.0,click_whatsapp,1
2026-08-06,101799,google,organic,(not set),desktop,1,1,2,62.0,no_key_event,0
2026-08-06,101775,google,cpc,Pesquisa_Implantes,mobile,1,0,3,20.0,no_key_event,0
2026-08-06,101788,google,cpc,Pesquisa_Ortodontia,mobile,1,1,2,57.0,no_key_event,0
2026-08-06,101774,google,organic,(not set),mobile,1,0,1,33.0,no_key_event,0
2026-08-06,101778,facebook,cpc,FB_Promo_Avaliacao,desktop,1,0,1,3.0,no_key_event,0
2026-08-06,101772,google,cpc,Pesquisa_Clareamento,desktop,1,0,2,3.0,no_key_event,0
2026-08-06,101773,google,organic,(not set),mobile,1,1,1,86.0,no_key_event,0
2026-08-06,101749,instagram,social,(not set),mobile,1,0,2,3.0,no_key_event,0
2026-08-06,101750,google,cpc,Remarketing_Site,mobile,1,0,2,20.0,no_key_event,0
2026-08-06,101751,google,organic,(not set),desktop,1,0,3,53.0,no_key_event,0
2026-08-06,101752,google,organic,(not set),mobile,1,1,1,65.0,no_key_event,0
2026-08-06,101754,google,organic,(not set),mobile,1,1,1,42.0,no_key_event,0
2026-08-06,101755,google,organic,(not set),mobile,1,1,1,74.0,no_key_event,0
2026-08-06,101756,instagram,social,(not set),mobile,1,0,2,12.0,no_key_event,0
2026-08-06,101757,facebook,cpc,FB_Promo_Avaliacao,mobile,1,0,1,27.0,no_key_event,0
2026-08-06,101758,google,cpc,Pesquisa_Ortodontia,desktop,1,1,1,94.0,no_key_event,0
2026-08-06,101759,instagram,social,(not set),mobile,1,0,2,22.0,no_key_event,0
2026-08-06,101760,instagram,social,(not set),tablet,1,1,3,69.0,no_key_event,0
2026-08-06,101753,google,cpc,Pesquisa_Implantes,desktop,1,1,1,92.0,no_key_event,0
2026-08-06,101762,google,cpc,Remarketing_Site,mobile,1,0,1,79.0,no_key_event,0
2026-08-06,101771,google,organic,(not set),desktop,1,1,1,60.0,no_key_event,0
2026-08-06,101761,google,cpc,Pesquisa_Implantes,mobile,1,0,1,33.0,no_key_event,0
2026-08-06,101770,google,cpc,Remarketing_Site,mobile,1,0,1,34.0,no_key_event,0
2026-08-06,101768,google,cpc,Pesquisa_Ortodontia,desktop,1,1,2,74.0,no_key_event,0
2026-08-06,101769,instagram,social,(not set),desktop,1,0,2,46.0,no_key_event,0
2026-08-06,101766,google,maps,(not set),mobile,1,1,1,40.0,no_key_event,0
2026-08-06,101765,instagram,social,(not set),mobile,1,1,1,70.0,no_key_event,0
2026-08-06,101764,google,cpc,Pesquisa_Ortodontia,mobile,1,1,4,105.0,no_key_event,0
2026-08-06,101763,google,cpc,Pesquisa_Ortodontia,desktop,1,0,1,21.0,no_key_event,0
2026-08-06,101767,google,cpc,Pesquisa_Ortodontia,mobile,1,0,2,3.0,no_key_event,0
2026-08-07,101849,google,organic,(not set),mobile,1,1,1,91.0,no_key_event,0
2026-08-07,101844,google,cpc,Pesquisa_Ortodontia,mobile,1,0,3,29.0,no_key_event,0
2026-08-07,101848,(direct),(none),(not set),mobile,1,1,2,82.0,no_key_event,0
2026-08-07,101847,(direct),(none),(not set),mobile,1,1,2,67.0,click_whatsapp,1
2026-08-07,101846,instagram,social,(not set),desktop,1,1,1,104.0,no_key_event,0
2026-08-07,101845,google,cpc,Remarketing_Site,mobile,1,0,1,29.0,no_key_event,0
2026-08-07,101843,google,organic,(not set),mobile,1,1,1,59.0,no_key_event,0
2026-08-07,101839,(direct),(none),(not set),mobile,1,1,2,72.0,no_key_event,0
2026-08-07,101841,google,maps,(not set),mobile,1,1,4,93.0,click_whatsapp,1
2026-08-07,101840,instagram,social,(not set),mobile,1,0,1,3.0,no_key_event,0
2026-08-07,101838,(direct),(none),(not set),mobile,1,1,1,85.0,no_key_event,0
2026-08-07,101837,(direct),(none),(not set),mobile,1,1,3,56.0,no_key_event,0
2026-08-07,101836,google,cpc,Pesquisa_Ortodontia,mobile,1,1,1,37.0,no_key_event,0
2026-08-07,101850,google,organic,(not set),mobile,1,1,2,34.0,no_key_event,0
2026-08-07,101842,facebook,cpc,FB_Implantes_Video,mobile,1,1,2,52.0,no_key_event,0
2026-08-07,101851,google,cpc,Pesquisa_Clareamento,desktop,1,1,3,49.0,no_key_event,0
2026-08-07,101863,google,cpc,Pesquisa_Ortodontia,mobile,1,0,3,81.0,no_key_event,0
2026-08-07,101853,google,cpc,Pesquisa_Implantes,mobile,1,0,4,34.0,no_key_event,0
2026-08-07,101835,google,maps,(not set),mobile,1,1,3,97.0,no_key_event,0
2026-08-07,101867,google,cpc,Pesquisa_Implantes,mobile,1,1,1,24.0,no_key_event,0
2026-08-07,101866,facebook,cpc,FB_Promo_Avaliacao,mobile,1,0,4,3.0,no_key_event,0
2026-08-07,101865,google,cpc,Pesquisa_Implantes,desktop,1,0,1,7.0,no_key_event,0
2026-08-07,101864,google,organic,(not set),desktop,1,1,4,80.0,no_key_event,0
2026-08-07,101862,google,cpc,Remarketing_Site,mobile,1,0,4,12.0,no_key_event,0
2026-08-07,101852,google,cpc,Pesquisa_Clareamento,mobile,1,0,1,11.0,no_key_event,0
2026-08-07,101861,google,maps,(not set),mobile,1,1,3,56.0,no_key_event,0
2026-08-07,101859,google,cpc,Remarketing_Site,mobile,1,1,2,53.0,no_key_event,0
2026-08-07,101858,instagram,social,(not set),mobile,1,0,2,22.0,no_key_event,0
2026-08-07,101857,google,cpc,Pesquisa_Clareamento,desktop,1,0,1,31.0,no_key_event,0
2026-08-07,101856,google,organic,(not set),mobile,1,1,3,33.0,no_key_event,0
2026-08-07,101855,google,cpc,Pesquisa_Clareamento,mobile,1,1,1,80.0,no_key_event,0
2026-08-07,101854,google,cpc,Remarketing_Site,mobile,1,0,3,27.0,no_key_event,0
2026-08-07,101860,google,organic,(not set),desktop,1,1,3,43.0,no_key_event,0
2026-08-07,101834,google,cpc,Pesquisa_Ortodontia,mobile,1,0,1,59.0,no_key_event,0
2026-08-07,101814,google,maps,(not set),desktop,1,1,3,14.0,no_key_event,0
2026-08-07,101832,google,cpc,Remarketing_Site,mobile,1,1,2,99.0,no_key_event,0
2026-08-07,101833,google,cpc,Remarketing_Site,mobile,1,1,1,54.0,no_key_event,0
2026-08-07,101800,facebook,cpc,FB_Implantes_Video,desktop,1,1,2,70.0,no_key_event,0
2026-08-07,101801,(direct),(none),(not set),mobile,1,1,1,105.0,no_key_event,0
2026-08-07,101802,google,maps,(not set),mobile,1,0,1,21.0,no_key_event,0
2026-08-07,101803,google,cpc,Pesquisa_Clareamento,mobile,1,1,2,94.0,no_key_event,0
2026-08-07,101804,instagram,social,(not set),desktop,1,0,3,43.0,no_key_event,0
2026-08-07,101805,instagram,social,(not set),desktop,1,0,1,46.0,no_key_event,0
2026-08-07,101806,google,cpc,Pesquisa_Clareamento,mobile,1,0,4,17.0,no_key_event,0
2026-08-07,101807,google,cpc,Pesquisa_Implantes,mobile,1,1,4,57.0,no_key_event,0
2026-08-07,101808,google,organic,(not set),mobile,1,0,1,4.0,no_key_event,0
2026-08-07,101810,(direct),(none),(not set),mobile,1,1,1,38.0,no_key_event,0
2026-08-07,101811,facebook,cpc,FB_Implantes_Video,desktop,1,0,2,7.0,no_key_event,0
2026-08-07,101812,google,cpc,Pesquisa_Implantes,mobile,1,0,3,37.0,no_key_event,0
2026-08-07,101813,google,cpc,Pesquisa_Ortodontia,desktop,1,0,4,33.0,no_key_event,0
2026-08-07,101815,facebook,cpc,FB_Implantes_Video,mobile,1,1,4,71.0,no_key_event,0
2026-08-07,101809,(direct),(none),(not set),mobile,1,0,1,3.0,no_key_event,0
2026-08-07,101817,facebook,cpc,FB_Implantes_Video,desktop,1,1,3,79.0,no_key_event,0
2026-08-07,101831,google,organic,(not set),mobile,1,0,2,14.0,no_key_event,0
2026-08-07,101830,(direct),(none),(not set),desktop,1,1,2,43.0,no_key_event,0
2026-08-07,101816,instagram,social,(not set),tablet,1,1,1,65.0,no_key_event,0
2026-08-07,101828,instagram,social,(not set),tablet,1,1,1,27.0,no_key_event,0
2026-08-07,101827,google,cpc,Pesquisa_Clareamento,mobile,1,0,4,29.0,no_key_event,0
2026-08-07,101826,facebook,cpc,FB_Implantes_Video,mobile,1,0,3,9.0,no_key_event,0
2026-08-07,101825,google,cpc,Pesquisa_Ortodontia,desktop,1,0,1,3.0,no_key_event,0
2026-08-07,101824,google,cpc,Remarketing_Site,mobile,1,0,1,28.0,no_key_event,0
2026-08-07,101829,facebook,cpc,FB_Implantes_Video,desktop,1,0,1,26.0,no_key_event,0
2026-08-07,101822,google,cpc,Pesquisa_Implantes,mobile,1,1,2,88.0,no_key_event,0
2026-08-07,101821,google,organic,(not set),mobile,1,0,1,3.0,no_key_event,0
2026-08-07,101820,google,organic,(not set),mobile,1,0,3,3.0,no_key_event,0
2026-08-07,101819,google,cpc,Pesquisa_Clareamento,mobile,1,1,2,63.0,no_key_event,0
2026-08-07,101818,google,cpc,Pesquisa_Clareamento,mobile,1,1,2,52.0,no_key_event,0
2026-08-07,101823,(direct),(none),(not set),tablet,1,0,3,28.0,no_key_event,0
2026-08-08,101885,(direct),(none),(not set),mobile,1,0,2,25.0,no_key_event,0
2026-08-08,101886,google,maps,(not set),mobile,1,1,1,58.0,no_key_event,0
2026-08-08,101887,instagram,social,(not set),mobile,1,0,1,29.0,no_key_event,0
2026-08-08,101888,facebook,cpc,FB_Promo_Avaliacao,mobile,1,1,1,66.0,no_key_event,0
2026-08-08,101889,google,organic,(not set),tablet,1,1,2,75.0,no_key_event,0
2026-08-08,101890,facebook,cpc,FB_Promo_Avaliacao,mobile,1,1,3,73.0,no_key_event,0
2026-08-08,101893,google,cpc,Pesquisa_Implantes,mobile,1,1,2,106.0,no_key_event,0
2026-08-08,101892,(direct),(none),(not set),tablet,1,1,2,93.0,no_key_event,0
2026-08-08,101896,facebook,cpc,FB_Implantes_Video,mobile,1,0,1,27.0,no_key_event,0
2026-08-08,101894,google,cpc,Remarketing_Site,desktop,1,0,3,5.0,no_key_event,0
2026-08-08,101895,google,cpc,Remarketing_Site,mobile,1,1,1,79.0,no_key_event,0
2026-08-08,101884,google,maps,(not set),mobile,1,1,2,61.0,no_key_event,0
2026-08-08,101891,google,cpc,Pesquisa_Implantes,desktop,1,0,1,6.0,no_key_event,0
2026-08-08,101883,google,cpc,Pesquisa_Clareamento,mobile,1,0,1,3.0,no_key_event,0
2026-08-08,101870,google,cpc,Pesquisa_Ortodontia,mobile,1,1,1,86.0,no_key_event,0
2026-08-08,101881,instagram,social,(not set),desktop,1,0,1,45.0,no_key_event,0
2026-08-08,101868,google,cpc,Pesquisa_Clareamento,mobile,1,1,2,42.0,no_key_event,0
2026-08-08,101882,google,cpc,Remarketing_Site,mobile,1,0,3,3.0,no_key_event,0
2026-08-08,101871,google,cpc,Pesquisa_Ortodontia,mobile,1,1,1,58.0,no_key_event,0
2026-08-08,101872,google,maps,(not set),desktop,1,1,3,98.0,no_key_event,0
2026-08-08,101873,facebook,cpc,FB_Promo_Avaliacao,mobile,1,1,2,86.0,no_key_event,0
2026-08-08,101874,google,maps,(not set),mobile,1,1,4,110.0,click_whatsapp,1
2026-08-08,101869,google,cpc,Pesquisa_Clareamento,mobile,1,1,1,69.0,no_key_event,0
2026-08-08,101876,google,organic,(not set),mobile,1,0,3,31.0,no_key_event,0
2026-08-08,101877,google,maps,(not set),mobile,1,1,1,99.0,no_key_event,0
2026-08-08,101878,google,maps,(not set),mobile,1,1,2,91.0,no_key_event,0
2026-08-08,101879,google,cpc,Remarketing_Site,mobile,1,1,2,63.0,no_key_event,0
2026-08-08,101880,google,organic,(not set),mobile,1,1,1,26.0,no_key_event,0
2026-08-08,101875,google,organic,(not set),mobile,1,0,1,9.0,no_key_event,0
2026-08-09,101908,google,organic,(not set),mobile,1,0,2,45.0,no_key_event,0
2026-08-09,101914,google,organic,(not set),tablet,1,1,1,104.0,click_whatsapp,1
2026-08-09,101913,google,cpc,Pesquisa_Ortodontia,mobile,1,1,4,62.0,no_key_event,0
2026-08-09,101912,instagram,social,(not set),desktop,1,0,1,3.0,no_key_event,0
2026-08-09,101911,instagram,social,(not set),desktop,1,0,2,46.0,no_key_event,0
2026-08-09,101910,google,cpc,Pesquisa_Clareamento,mobile,1,0,2,34.0,no_key_event,0
2026-08-09,101909,google,cpc,Remarketing_Site,mobile,1,1,2,84.0,no_key_event,0
2026-08-09,101915,(direct),(none),(not set),mobile,1,1,1,40.0,no_key_event,0
2026-08-09,101907,google,organic,(not set),mobile,1,0,1,3.0,no_key_event,0
2026-08-09,101903,google,cpc,Pesquisa_Ortodontia,mobile,1,0,4,27.0,no_key_event,0
2026-08-09,101905,instagram,social,(not set),desktop,1,0,4,50.0,no_key_event,0
2026-08-09,101904,google,cpc,Remarketing_Site,desktop,1,1,2,79.0,click_whatsapp,1
2026-08-09,101902,google,cpc,Pesquisa_Clareamento,desktop,1,1,2,56.0,no_key_event,0
2026-08-09,101901,(direct),(none),(not set),mobile,1,0,1,3.0,no_key_event,0
2026-08-09,101900,google,organic,(not set),mobile,1,0,2,51.0,no_key_event,0
2026-08-09,101899,google,maps,(not set),mobile,1,1,1,66.0,no_key_event,0
2026-08-09,101898,google,cpc,Pesquisa_Clareamento,mobile,1,0,2,3.0,no_key_event,0
2026-08-09,101897,instagram,social,(not set),mobile,1,0,1,3.0,no_key_event,0
2026-08-09,101906,google,organic,(not set),mobile,1,1,1,85.0,no_key_event,0
2026-08-10,101958,google,organic,(not set),desktop,1,1,2,74.0,no_key_event,0
2026-08-10,101957,google,cpc,Pesquisa_Ortodontia,desktop,1,0,2,11.0,no_key_event,0
2026-08-10,101956,facebook,cpc,FB_Implantes_Video,mobile,1,0,2,23.0,no_key_event,0
2026-08-10,101955,google,cpc,Pesquisa_Implantes,mobile,1,1,2,53.0,no_key_event,0
2026-08-10,101954,google,cpc,Pesquisa_Ortodontia,mobile,1,1,1,17.0,no_key_event,0
2026-08-10,101948,facebook,cpc,FB_Promo_Avaliacao,mobile,1,1,1,58.0,no_key_event,0
2026-08-10,101951,google,organic,(not set),mobile,1,0,1,46.0,no_key_event,0
2026-08-10,101950,instagram,social,(not set),mobile,1,0,2,3.0,no_key_event,0
2026-08-10,101949,google,cpc,Remarketing_Site,mobile,1,0,3,3.0,no_key_event,0
2026-08-10,101959,google,cpc,Remarketing_Site,tablet,1,1,1,70.0,no_key_event,0
2026-08-10,101947,google,maps,(not set),mobile,1,1,1,82.0,no_key_event,0
2026-08-10,101953,google,cpc,Pesquisa_Implantes,mobile,1,1,2,13.0,no_key_event,0
2026-08-10,101960,google,organic,(not set),mobile,1,0,2,3.0,no_key_event,0
2026-08-10,101965,google,organic,(not set),mobile,1,1,1,38.0,no_key_event,0
2026-08-10,101962,google,cpc,Pesquisa_Ortodontia,mobile,1,1,1,34.0,no_key_event,0
2026-08-10,101963,google,cpc,Pesquisa_Implantes,mobile,1,1,4,126.0,no_key_event,0
2026-08-10,101964,google,organic,(not set),mobile,1,1,3,37.0,click_whatsapp,1
2026-08-10,101946,google,cpc,Remarketing_Site,mobile,1,0,2,60.0,no_key_event,0
2026-08-10,101966,(direct),(none),(not set),tablet,1,1,3,108.0,no_key_event,0
2026-08-10,101967,google,organic,(not set),desktop,1,1,1,53.0,no_key_event,0
2026-08-10,101968,google,cpc,Pesquisa_Ortodontia,tablet,1,0,1,3.0,no_key_event,0
2026-08-10,101969,facebook,cpc,FB_Implantes_Video,desktop,1,0,3,25.0,no_key_event,0
2026-08-10,101970,google,cpc,Pesquisa_Clareamento,mobile,1,0,4,3.0,no_key_event,0
2026-08-10,101971,google,maps,(not set),mobile,1,1,1,71.0,no_key_event,0
2026-08-10,101972,(direct),(none),(not set),mobile,1,1,3,106.0,click_whatsapp,1
2026-08-10,101973,facebook,cpc,FB_Promo_Avaliacao,desktop,1,0,1,67.0,no_key_event,0
2026-08-10,101974,google,cpc,Pesquisa_Clareamento,desktop,1,1,2,70.0,no_key_event,0
2026-08-10,101961,google,cpc,Pesquisa_Clareamento,mobile,1,1,2,63.0,no_key_event,0
2026-08-10,101945,(direct),(none),(not set),desktop,1,1,3,84.0,no_key_event,0
2026-08-10,101952,google,cpc,Pesquisa_Ortodontia,mobile,1,0,2,5.0,no_key_event,0
2026-08-10,101943,google,cpc,Pesquisa_Clareamento,mobile,1,1,1,57.0,no_key_event,0
2026-08-10,101916,google,cpc,Pesquisa_Clareamento,mobile,1,1,2,74.0,no_key_event,0
2026-08-10,101917,(direct),(none),(not set),mobile,1,1,3,35.0,no_key_event,0
2026-08-10,101944,facebook,cpc,FB_Promo_Avaliacao,mobile,1,1,2,76.0,no_key_event,0
2026-08-10,101919,instagram,social,(not set),mobile,1,1,2,69.0,no_key_event,0
2026-08-10,101920,google,cpc,Pesquisa_Implantes,mobile,1,0,2,3.0,no_key_event,0
2026-08-10,101921,instagram,social,(not set),desktop,1,0,1,39.0,no_key_event,0
2026-08-10,101922,google,cpc,Pesquisa_Clareamento,mobile,1,1,2,70.0,no_key_event,0
2026-08-10,101923,google,cpc,Pesquisa_Implantes,mobile,1,1,2,20.0,no_key_event,0
2026-08-10,101924,facebook,cpc,FB_Promo_Avaliacao,desktop,1,0,3,55.0,no_key_event,0
2026-08-10,101925,google,organic,(not set),mobile,1,1,1,96.0,no_key_event,0
2026-08-10,101926,google,cpc,Pesquisa_Clareamento,mobile,1,0,1,70.0,no_key_event,0
2026-08-10,101927,google,cpc,Pesquisa_Clareamento,mobile,1,1,1,115.0,no_key_event,0
2026-08-10,101928,google,organic,(not set),mobile,1,0,4,42.0,no_key_event,0
2026-08-10,101929,google,maps,(not set),mobile,1,1,3,95.0,no_key_event,0
2026-08-10,101918,instagram,social,(not set),mobile,1,0,1,10.0,no_key_event,0
2026-08-10,101931,google,cpc,Pesquisa_Clareamento,mobile,1,1,1,56.0,no_key_event,0
2026-08-10,101930,instagram,social,(not set),mobile,1,0,2,81.0,no_key_event,0
2026-08-10,101942,instagram,social,(not set),mobile,1,1,3,20.0,no_key_event,0
2026-08-10,101940,google,cpc,Remarketing_Site,tablet,1,0,3,26.0,no_key_event,0
2026-08-10,101939,(direct),(none),(not set),mobile,1,1,3,35.0,no_key_event,0
2026-08-10,101938,facebook,cpc,FB_Implantes_Video,mobile,1,0,1,3.0,no_key_event,0
2026-08-10,101941,(direct),(none),(not set),mobile,1,1,2,63.0,no_key_event,0
2026-08-10,101936,google,cpc,Pesquisa_Implantes,desktop,1,1,1,99.0,no_key_event,0
2026-08-10,101935,google,cpc,Pesquisa_Ortodontia,mobile,1,0,2,20.0,no_key_event,0
2026-08-10,101934,google,cpc,Remarketing_Site,mobile,1,0,3,3.0,no_key_event,0
2026-08-10,101933,instagram,social,(not set),desktop,1,1,4,107.0,no_key_event,0
2026-08-10,101937,google,cpc,Pesquisa_Clareamento,desktop,1,1,3,122.0,no_key_event,0
2026-08-10,101932,instagram,social,(not set),mobile,1,0,2,5.0,no_key_event,0
2026-08-11,102001,google,maps,(not set),mobile,1,1,1,58.0,no_key_event,0
2026-08-11,102008,google,cpc,Remarketing_Site,mobile,1,1,1,64.0,no_key_event,0
2026-08-11,102007,google,cpc,Pesquisa_Clareamento,mobile,1,0,1,3.0,no_key_event,0
2026-08-11,102006,google,cpc,Pesquisa_Clareamento,mobile,1,0,1,23.0,no_key_event,0
2026-08-11,102003,facebook,cpc,FB_Implantes_Video,mobile,1,1,4,47.0,no_key_event,0
2026-08-11,102004,google,organic,(not set),mobile,1,1,2,71.0,no_key_event,0
2026-08-11,102002,google,cpc,Pesquisa_Clareamento,mobile,1,1,3,19.0,no_key_event,0
2026-08-11,102022,google,cpc,Pesquisa_Clareamento,mobile,1,0,2,24.0,no_key_event,0
2026-08-11,102009,(direct),(none),(not set),desktop,1,1,1,68.0,no_key_event,0
2026-08-11,102005,google,maps,(not set),mobile,1,1,2,46.0,click_whatsapp,1
2026-08-11,102010,google,organic,(not set),mobile,1,0,2,3.0,no_key_event,0
2026-08-11,102016,facebook,cpc,FB_Promo_Avaliacao,mobile,1,0,4,3.0,no_key_event,0
2026-08-11,102012,instagram,social,(not set),mobile,1,1,1,36.0,no_key_event,0
2026-08-11,102013,google,cpc,Pesquisa_Implantes,mobile,1,0,2,7.0,no_key_event,0
2026-08-11,102014,google,organic,(not set),desktop,1,1,4,42.0,click_whatsapp,1
2026-08-11,102015,google,organic,(not set),mobile,1,1,4,38.0,no_key_event,0
2026-08-11,102017,google,cpc,Pesquisa_Implantes,mobile,1,1,1,76.0,no_key_event,0
2026-08-11,102018,google,cpc,Pesquisa_Clareamento,mobile,1,0,3,3.0,no_key_event,0
2026-08-11,102019,google,cpc,Pesquisa_Clareamento,desktop,1,1,2,43.0,no_key_event,0
2026-08-11,102020,google,cpc,Pesquisa_Implantes,desktop,1,1,1,89.0,no_key_event,0
2026-08-11,102021,instagram,social,(not set),mobile,1,1,1,82.0,no_key_event,0
2026-08-11,102000,google,organic,(not set),mobile,1,1,1,56.0,no_key_event,0
2026-08-11,102011,facebook,cpc,FB_Implantes_Video,mobile,1,1,1,76.0,no_key_event,0
2026-08-11,101999,google,organic,(not set),tablet,1,0,2,3.0,no_key_event,0
2026-08-11,101995,instagram,social,(not set),mobile,1,0,4,11.0,no_key_event,0
2026-08-11,101997,google,cpc,Remarketing_Site,mobile,1,1,4,98.0,no_key_event,0
2026-08-11,101975,(direct),(none),(not set),mobile,1,0,1,3.0,no_key_event,0
2026-08-11,101977,google,organic,(not set),mobile,1,0,2,3.0,no_key_event,0
2026-08-11,101978,instagram,social,(not set),mobile,1,1,3,45.0,no_key_event,0
2026-08-11,101979,google,organic,(not set),mobile,1,1,3,78.0,no_key_event,0
2026-08-11,101980,google,cpc,Pesquisa_Clareamento,mobile,1,0,1,46.0,no_key_event,0
2026-08-11,101981,google,organic,(not set),mobile,1,1,4,47.0,no_key_event,0
2026-08-11,101982,google,organic,(not set),mobile,1,0,4,29.0,no_key_event,0
2026-08-11,101983,google,cpc,Remarketing_Site,desktop,1,0,1,33.0,no_key_event,0
2026-08-11,101984,google,cpc,Pesquisa_Clareamento,mobile,1,0,1,3.0,no_key_event,0
2026-08-11,101985,google,cpc,Pesquisa_Implantes,desktop,1,1,2,49.0,no_key_event,0
2026-08-11,101976,google,organic,(not set),mobile,1,1,3,19.0,no_key_event,0
2026-08-11,101987,google,organic,(not set),mobile,1,0,2,4.0,no_key_event,0
2026-08-11,101986,google,cpc,Pesquisa_Clareamento,mobile,1,1,1,70.0,no_key_event,0
2026-08-11,101996,instagram,social,(not set),mobile,1,0,1,3.0,no_key_event,0
2026-08-11,101994,facebook,cpc,FB_Implantes_Video,mobile,1,0,1,23.0,no_key_event,0
2026-08-11,101993,google,organic,(not set),mobile,1,0,2,30.0,no_key_event,0
2026-08-11,101998,(direct),(none),(not set),mobile,1,0,1,71.0,no_key_event,0
2026-08-11,101991,instagram,social,(not set),mobile,1,1,1,78.0,no_key_event,0
2026-08-11,101990,google,cpc,Pesquisa_Clareamento,tablet,1,0,3,49.0,no_key_event,0
2026-08-11,101989,google,cpc,Pesquisa_Clareamento,desktop,1,0,1,23.0,no_key_event,0
2026-08-11,101988,(direct),(none),(not set),desktop,1,0,2,3.0,no_key_event,0
2026-08-11,101992,google,cpc,Pesquisa_Ortodontia,mobile,1,1,1,51.0,no_key_event,0
2026-08-12,102043,google,organic,(not set),mobile,1,0,3,16.0,no_key_event,0
2026-08-12,102044,facebook,cpc,FB_Promo_Avaliacao,mobile,1,1,2,92.0,no_key_event,0
2026-08-12,102045,(direct),(none),(not set),mobile,1,0,2,11.0,no_key_event,0
2026-08-12,102046,google,cpc,Remarketing_Site,mobile,1,1,1,54.0,no_key_event,0
2026-08-12,102047,google,cpc,Pesquisa_Ortodontia,tablet,1,0,2,19.0,no_key_event,0
2026-08-12,102048,google,organic,(not set),mobile,1,0,3,23.0,no_key_event,0
2026-08-12,102049,facebook,cpc,FB_Implantes_Video,mobile,1,0,4,31.0,no_key_event,0
2026-08-12,102050,google,maps,(not set),desktop,1,0,3,32.0,no_key_event,0
2026-08-12,102053,google,organic,(not set),mobile,1,1,3,38.0,no_key_event,0
2026-08-12,102052,google,cpc,Pesquisa_Implantes,mobile,1,1,4,58.0,no_key_event,0
2026-08-12,102054,google,cpc,Pesquisa_Clareamento,mobile,1,0,1,50.0,no_key_event,0
2026-08-12,102055,google,cpc,Remarketing_Site,desktop,1,1,1,76.0,no_key_event,0
2026-08-12,102057,instagram,social,(not set),mobile,1,0,2,3.0,no_key_event,0
2026-08-12,102058,google,organic,(not set),mobile,1,1,2,58.0,no_key_event,0
2026-08-12,102059,google,cpc,Pesquisa_Clareamento,mobile,1,0,1,19.0,no_key_event,0
2026-08-12,102060,google,maps,(not set),desktop,1,1,2,46.0,click_whatsapp,1
2026-08-12,102042,(direct),(none),(not set),desktop,1,0,2,20.0,no_key_event,0
2026-08-12,102051,(direct),(none),(not set),desktop,1,0,1,42.0,no_key_event,0
2026-08-12,102056,google,cpc,Pesquisa_Ortodontia,mobile,1,0,1,52.0,no_key_event,0
2026-08-12,102041,google,cpc,Remarketing_Site,desktop,1,0,1,3.0,no_key_event,0
2026-08-12,102039,google,cpc,Pesquisa_Clareamento,mobile,1,0,1,4.0,no_key_event,0
2026-08-12,102040,google,cpc,Remarketing_Site,mobile,1,0,1,16.0,no_key_event,0
2026-08-12,102023,google,organic,(not set),mobile,1,1,1,43.0,no_key_event,0
2026-08-12,102024,google,cpc,Pesquisa_Ortodontia,tablet,1,1,1,63.0,no_key_event,0
2026-08-12,102025,google,cpc,Remarketing_Site,mobile,1,1,1,52.0,no_key_event,0
2026-08-12,102027,google,cpc,Remarketing_Site,mobile,1,0,1,24.0,no_key_event,0
2026-08-12,102028,instagram,social,(not set),mobile,1,1,4,47.0,no_key_event,0
2026-08-12,102029,facebook,cpc,FB_Promo_Avaliacao,desktop,1,0,3,3.0,no_key_event,0
2026-08-12,102030,google,cpc,Remarketing_Site,mobile,1,0,3,36.0,no_key_event,0
2026-08-12,102026,google,cpc,Pesquisa_Ortodontia,mobile,1,0,1,15.0,no_key_event,0
2026-08-12,102032,google,organic,(not set),desktop,1,1,2,21.0,no_key_event,0
2026-08-12,102033,google,organic,(not set),mobile,1,1,2,73.0,click_whatsapp,1
2026-08-12,102034,google,cpc,Pesquisa_Implantes,mobile,1,0,2,33.0,no_key_event,0
2026-08-12,102035,google,cpc,Pesquisa_Clareamento,mobile,1,1,2,75.0,no_key_event,0
2026-08-12,102036,google,maps,(not set),mobile,1,1,1,108.0,no_key_event,0
2026-08-12,102037,(direct),(none),(not set),mobile,1,1,1,56.0,no_key_event,0
2026-08-12,102031,google,cpc,Pesquisa_Clareamento,desktop,1,1,1,76.0,no_key_event,0
2026-08-12,102038,google,cpc,Remarketing_Site,mobile,1,0,4,3.0,no_key_event,0
2026-08-13,102093,facebook,cpc,FB_Implantes_Video,mobile,1,0,1,19.0,no_key_event,0
2026-08-13,102092,google,cpc,Pesquisa_Clareamento,desktop,1,1,2,106.0,no_key_event,0
2026-08-13,102091,google,cpc,Pesquisa_Implantes,mobile,1,1,3,68.0,no_key_event,0
2026-08-13,102090,instagram,social,(not set),mobile,1,0,3,27.0,no_key_event,0
2026-08-13,102087,google,organic,(not set),mobile,1,1,4,51.0,no_key_event,0
2026-08-13,102088,instagram,social,(not set),mobile,1,0,2,40.0,no_key_event,0
2026-08-13,102086,google,organic,(not set),mobile,1,1,1,103.0,click_whatsapp,1
2026-08-13,102094,google,organic,(not set),mobile,1,1,2,112.0,no_key_event,0
2026-08-13,102089,google,cpc,Remarketing_Site,desktop,1,0,3,3.0,no_key_event,0
2026-08-13,102095,facebook,cpc,FB_Promo_Avaliacao,mobile,1,1,3,51.0,no_key_event,0
2026-08-13,102104,google,cpc,Pesquisa_Implantes,mobile,1,0,2,48.0,no_key_event,0
2026-08-13,102097,google,cpc,Remarketing_Site,mobile,1,1,2,90.0,no_key_event,0
2026-08-13,102098,google,cpc,Pesquisa_Clareamento,desktop,1,0,4,55.0,no_key_event,0
2026-08-13,102099,google,cpc,Pesquisa_Ortodontia,desktop,1,1,1,76.0,no_key_event,0
2026-08-13,102100,instagram,social,(not set),desktop,1,1,2,106.0,no_key_event,0
2026-08-13,102107,facebook,cpc,FB_Promo_Avaliacao,mobile,1,0,3,27.0,no_key_event,0
2026-08-13,102102,google,cpc,Remarketing_Site,tablet,1,1,3,97.0,no_key_event,0
2026-08-13,102103,google,cpc,Pesquisa_Implantes,mobile,1,1,1,69.0,no_key_event,0
2026-08-13,102105,facebook,cpc,FB_Promo_Avaliacao,desktop,1,1,1,52.0,no_key_event,0
2026-08-13,102106,google,cpc,Pesquisa_Ortodontia,desktop,1,0,1,3.0,no_key_event,0
2026-08-13,102085,google,cpc,Pesquisa_Ortodontia,mobile,1,0,2,41.0,no_key_event,0
2026-08-13,102096,google,cpc,Pesquisa_Ortodontia,desktop,1,1,1,43.0,no_key_event,0
2026-08-13,102084,google,organic,(not set),mobile,1,1,1,92.0,no_key_event,0
2026-08-13,102101,(direct),(none),(not set),mobile,1,1,1,51.0,no_key_event,0
2026-08-13,102082,(direct),(none),(not set),desktop,1,1,2,97.0,click_whatsapp,1
2026-08-13,102061,google,organic,(not set),desktop,1,1,1,103.0,no_key_event,0
2026-08-13,102062,facebook,cpc,FB_Implantes_Video,desktop,1,0,1,8.0,no_key_event,0
2026-08-13,102063,google,cpc,Pesquisa_Implantes,mobile,1,0,2,3.0,no_key_event,0
2026-08-13,102064,(direct),(none),(not set),mobile,1,1,1,54.0,no_key_event,0
2026-08-13,102065,google,cpc,Pesquisa_Implantes,desktop,1,1,1,56.0,no_key_event,0
2026-08-13,102066,(direct),(none),(not set),mobile,1,0,3,10.0,no_key_event,0
2026-08-13,102067,google,organic,(not set),mobile,1,1,4,60.0,no_key_event,0
2026-08-13,102068,google,cpc,Pesquisa_Ortodontia,mobile,1,1,1,23.0,no_key_event,0
2026-08-13,102069,google,cpc,Pesquisa_Ortodontia,mobile,1,1,3,104.0,no_key_event,0
2026-08-13,102070,(direct),(none),(not set),mobile,1,1,1,123.0,no_key_event,0
2026-08-13,102083,(direct),(none),(not set),mobile,1,1,2,72.0,no_key_event,0
2026-08-13,102072,google,organic,(not set),mobile,1,1,1,59.0,no_key_event,0
2026-08-13,102073,google,maps,(not set),mobile,1,0,1,39.0,no_key_event,0
2026-08-13,102074,google,cpc,Remarketing_Site,mobile,1,1,3,107.0,no_key_event,0
2026-08-13,102075,google,maps,(not set),mobile,1,1,1,50.0,no_key_event,0
2026-08-13,102076,google,cpc,Pesquisa_Implantes,desktop,1,1,1,94.0,no_key_event,0
2026-08-13,102077,facebook,cpc,FB_Implantes_Video,tablet,1,0,3,3.0,no_key_event,0
2026-08-13,102078,google,cpc,Pesquisa_Clareamento,desktop,1,1,2,78.0,no_key_event,0
2026-08-13,102079,google,cpc,Pesquisa_Implantes,mobile,1,0,1,58.0,no_key_event,0
2026-08-13,102080,(direct),(none),(not set),mobile,1,1,1,18.0,no_key_event,0
2026-08-13,102081,google,cpc,Remarketing_Site,mobile,1,1,1,76.0,no_key_event,0
2026-08-13,102071,google,cpc,Pesquisa_Ortodontia,desktop,1,0,1,17.0,no_key_event,0
2026-08-14,102140,google,maps,(not set),desktop,1,1,2,74.0,no_key_event,0
2026-08-14,102139,facebook,cpc,FB_Promo_Avaliacao,desktop,1,0,4,74.0,no_key_event,0
2026-08-14,102138,google,cpc,Pesquisa_Clareamento,mobile,1,1,2,65.0,no_key_event,0
2026-08-14,102132,(direct),(none),(not set),mobile,1,1,1,100.0,no_key_event,0
2026-08-14,102136,google,cpc,Pesquisa_Implantes,mobile,1,1,1,54.0,no_key_event,0
2026-08-14,102135,instagram,social,(not set),mobile,1,1,2,89.0,no_key_event,0
2026-08-14,102134,instagram,social,(not set),mobile,1,0,1,41.0,no_key_event,0
2026-08-14,102141,google,organic,(not set),tablet,1,0,1,3.0,no_key_event,0
2026-08-14,102137,google,cpc,Remarketing_Site,mobile,1,1,1,61.0,no_key_event,0
2026-08-14,102142,google,cpc,Pesquisa_Clareamento,mobile,1,1,2,65.0,no_key_event,0
2026-08-14,102147,google,organic,(not set),mobile,1,0,1,10.0,no_key_event,0
2026-08-14,102144,(direct),(none),(not set),mobile,1,1,1,101.0,no_key_event,0
2026-08-14,102145,facebook,cpc,FB_Promo_Avaliacao,mobile,1,1,1,74.0,no_key_event,0
2026-08-14,102146,google,cpc,Pesquisa_Implantes,mobile,1,1,1,71.0,no_key_event,0
2026-08-14,102148,(direct),(none),(not set),mobile,1,0,2,14.0,no_key_event,0
2026-08-14,102149,google,cpc,Pesquisa_Implantes,mobile,1,1,1,37.0,no_key_event,0
2026-08-14,102150,google,cpc,Remarketing_Site,mobile,1,1,1,121.0,no_key_event,0
2026-08-14,102151,google,cpc,Pesquisa_Clareamento,tablet,1,1,1,46.0,no_key_event,0
2026-08-14,102152,google,cpc,Pesquisa_Implantes,mobile,1,0,1,3.0,no_key_event,0
2026-08-14,102131,instagram,social,(not set),mobile,1,0,1,11.0,no_key_event,0
2026-08-14,102143,facebook,cpc,FB_Promo_Avaliacao,desktop,1,0,1,3.0,no_key_event,0
2026-08-14,102130,google,cpc,Pesquisa_Clareamento,mobile,1,0,1,29.0,no_key_event,0
2026-08-14,102133,google,maps,(not set),mobile,1,1,1,55.0,no_key_event,0
2026-08-14,102128,instagram,social,(not set),mobile,1,1,2,98.0,no_key_event,0
2026-08-14,102129,google,cpc,Pesquisa_Implantes,desktop,1,1,1,31.0,no_key_event,0
2026-08-14,102108,google,cpc,Pesquisa_Clareamento,mobile,1,0,4,55.0,no_key_event,0
2026-08-14,102109,google,cpc,Pesquisa_Implantes,mobile,1,1,1,66.0,no_key_event,0
2026-08-14,102110,(direct),(none),(not set),mobile,1,0,1,15.0,no_key_event,0
2026-08-14,102111,google,cpc,Remarketing_Site,tablet,1,1,1,73.0,no_key_event,0
2026-08-14,102112,google,cpc,Remarketing_Site,mobile,1,1,2,71.0,no_key_event,0
2026-08-14,102114,facebook,cpc,FB_Implantes_Video,mobile,1,0,1,13.0,no_key_event,0
2026-08-14,102115,google,cpc,Pesquisa_Implantes,mobile,1,0,1,3.0,no_key_event,0
2026-08-14,102116,facebook,cpc,FB_Implantes_Video,mobile,1,1,1,7.0,no_key_event,0
2026-08-14,102117,google,cpc,Remarketing_Site,mobile,1,1,3,86.0,no_key_event,0
2026-08-14,102113,google,organic,(not set),mobile,1,1,1,103.0,no_key_event,0
2026-08-14,102119,instagram,social,(not set),mobile,1,1,1,137.0,no_key_event,0
2026-08-14,102120,google,cpc,Pesquisa_Ortodontia,mobile,1,1,2,63.0,no_key_event,0
2026-08-14,102121,(direct),(none),(not set),mobile,1,1,1,58.0,no_key_event,0
2026-08-14,102122,facebook,cpc,FB_Implantes_Video,desktop,1,0,2,16.0,no_key_event,0
2026-08-14,102123,google,cpc,Pesquisa_Implantes,mobile,1,0,1,7.0,no_key_event,0
2026-08-14,102124,facebook,cpc,FB_Promo_Avaliacao,mobile,1,0,2,21.0,no_key_event,0
2026-08-14,102125,google,organic,(not set),mobile,1,1,1,67.0,no_key_event,0
2026-08-14,102126,facebook,cpc,FB_Implantes_Video,mobile,1,0,4,24.0,no_key_event,0
2026-08-14,102118,google,organic,(not set),mobile,1,1,4,87.0,no_key_event,0
2026-08-14,102127,google,cpc,Pesquisa_Implantes,mobile,1,0,1,3.0,no_key_event,0
2026-08-15,102167,google,organic,(not set),desktop,1,1,1,89.0,no_key_event,0
2026-08-15,102168,google,organic,(not set),mobile,1,0,3,43.0,no_key_event,0
2026-08-15,102169,facebook,cpc,FB_Promo_Avaliacao,mobile,1,0,1,21.0,no_key_event,0
2026-08-15,102170,google,cpc,Remarketing_Site,mobile,1,1,1,94.0,no_key_event,0
2026-08-15,102174,(direct),(none),(not set),desktop,1,0,1,7.0,no_key_event,0
2026-08-15,102172,google,cpc,Pesquisa_Ortodontia,mobile,1,0,2,20.0,no_key_event,0
2026-08-15,102173,google,cpc,Pesquisa_Clareamento,desktop,1,1,4,81.0,no_key_event,0
2026-08-15,102175,google,cpc,Pesquisa_Ortodontia,desktop,1,1,2,99.0,no_key_event,0
2026-08-15,102166,google,cpc,Remarketing_Site,desktop,1,1,2,86.0,click_whatsapp,1
2026-08-15,102171,google,maps,(not set),mobile,1,1,2,63.0,no_key_event,0
2026-08-15,102165,google,cpc,Pesquisa_Ortodontia,mobile,1,1,4,89.0,no_key_event,0
2026-08-15,102156,google,cpc,Pesquisa_Ortodontia,mobile,1,0,1,3.0,no_key_event,0
2026-08-15,102163,google,cpc,Pesquisa_Implantes,desktop,1,1,3,95.0,no_key_event,0
2026-08-15,102153,google,organic,(not set),mobile,1,0,2,3.0,no_key_event,0
2026-08-15,102164,(direct),(none),(not set),desktop,1,1,1,83.0,no_key_event,0
2026-08-15,102155,google,cpc,Pesquisa_Clareamento,desktop,1,1,1,68.0,no_key_event,0
2026-08-15,102157,instagram,social,(not set),mobile,1,1,2,31.0,no_key_event,0
2026-08-15,102154,facebook,cpc,FB_Promo_Avaliacao,mobile,1,1,3,38.0,no_key_event,0
2026-08-15,102159,instagram,social,(not set),mobile,1,0,1,48.0,no_key_event,0
2026-08-15,102160,instagram,social,(not set),mobile,1,1,1,3.0,no_key_event,0
2026-08-15,102161,instagram,social,(not set),desktop,1,1,1,95.0,no_key_event,0
2026-08-15,102162,google,cpc,Remarketing_Site,mobile,1,0,1,27.0,no_key_event,0
2026-08-15,102158,google,organic,(not set),mobile,1,1,1,21.0,no_key_event,0
2026-08-16,102184,instagram,social,(not set),desktop,1,0,2,64.0,no_key_event,0
2026-08-16,102188,facebook,cpc,FB_Promo_Avaliacao,desktop,1,1,4,45.0,no_key_event,0
2026-08-16,102187,google,organic,(not set),mobile,1,1,2,27.0,no_key_event,0
2026-08-16,102186,google,cpc,Pesquisa_Clareamento,mobile,1,0,1,42.0,no_key_event,0
2026-08-16,102185,google,cpc,Pesquisa_Ortodontia,mobile,1,0,1,24.0,no_key_event,0
2026-08-16,102183,google,cpc,Pesquisa_Ortodontia,mobile,1,0,2,3.0,no_key_event,0
2026-08-16,102181,google,cpc,Pesquisa_Clareamento,desktop,1,1,1,82.0,no_key_event,0
2026-08-16,102180,instagram,social,(not set),mobile,1,0,1,29.0,no_key_event,0
2026-08-16,102179,google,organic,(not set),desktop,1,0,2,6.0,no_key_event,0
2026-08-16,102178,google,organic,(not set),mobile,1,1,1,55.0,no_key_event,0
2026-08-16,102177,google,cpc,Pesquisa_Ortodontia,mobile,1,0,1,28.0,no_key_event,0
2026-08-16,102176,google,maps,(not set),mobile,1,1,1,114.0,no_key_event,0
2026-08-16,102182,google,cpc,Pesquisa_Implantes,mobile,1,1,1,80.0,no_key_event,0
2026-08-17,102230,facebook,cpc,FB_Promo_Avaliacao,desktop,1,0,1,9.0,no_key_event,0
2026-08-17,102223,google,organic,(not set),desktop,1,1,3,56.0,no_key_event,0
2026-08-17,102222,google,cpc,Pesquisa_Clareamento,mobile,1,1,2,80.0,no_key_event,0
2026-08-17,102221,google,organic,(not set),mobile,1,1,2,84.0,click_whatsapp,1
2026-08-17,102217,(direct),(none),(not set),mobile,1,1,2,96.0,no_key_event,0
2026-08-17,102218,google,organic,(not set),mobile,1,1,4,58.0,no_key_event,0
2026-08-17,102224,instagram,social,(not set),mobile,1,1,1,42.0,no_key_event,0
2026-08-17,102216,google,organic,(not set),tablet,1,0,1,3.0,no_key_event,0
2026-08-17,102215,google,cpc,Pesquisa_Clareamento,desktop,1,1,1,69.0,no_key_event,0
2026-08-17,102220,google,cpc,Pesquisa_Ortodontia,mobile,1,1,1,85.0,no_key_event,0
2026-08-17,102225,(direct),(none),(not set),mobile,1,1,1,61.0,no_key_event,0
2026-08-17,102229,google,cpc,Remarketing_Site,mobile,1,1,4,63.0,no_key_event,0
2026-08-17,102227,facebook,cpc,FB_Promo_Avaliacao,mobile,1,0,1,27.0,no_key_event,0
2026-08-17,102228,(direct),(none),(not set),desktop,1,1,2,97.0,no_key_event,0
2026-08-17,102214,google,cpc,Pesquisa_Clareamento,mobile,1,1,4,53.0,no_key_event,0
2026-08-17,102231,google,organic,(not set),mobile,1,0,2,12.0,no_key_event,0
2026-08-17,102232,google,organic,(not set),mobile,1,1,1,86.0,no_key_event,0
2026-08-17,102233,google,cpc,Pesquisa_Ortodontia,desktop,1,1,2,54.0,no_key_event,0
2026-08-17,102234,instagram,social,(not set),mobile,1,1,1,84.0,no_key_event,0
2026-08-17,102235,instagram,social,(not set),mobile,1,0,2,51.0,no_key_event,0
2026-08-17,102236,google,cpc,Pesquisa_Clareamento,desktop,1,1,2,83.0,no_key_event,0
2026-08-17,102237,google,maps,(not set),mobile,1,0,1,3.0,no_key_event,0
2026-08-17,102226,google,cpc,Pesquisa_Clareamento,mobile,1,1,1,61.0,no_key_event,0
2026-08-17,102213,google,organic,(not set),mobile,1,0,2,20.0,no_key_event,0
2026-08-17,102219,facebook,cpc,FB_Promo_Avaliacao,mobile,1,0,1,25.0,no_key_event,0
2026-08-17,102211,google,maps,(not set),desktop,1,1,2,57.0,click_whatsapp,1
2026-08-17,102189,google,cpc,Pesquisa_Implantes,desktop,1,0,2,48.0,no_key_event,0
2026-08-17,102190,instagram,social,(not set),desktop,1,1,3,63.0,no_key_event,0
2026-08-17,102212,google,cpc,Pesquisa_Ortodontia,mobile,1,1,2,42.0,no_key_event,0
2026-08-17,102192,google,cpc,Remarketing_Site,mobile,1,0,3,30.0,no_key_event,0
2026-08-17,102193,google,maps,(not set),desktop,1,1,1,52.0,no_key_event,0
2026-08-17,102194,facebook,cpc,FB_Implantes_Video,mobile,1,0,1,13.0,no_key_event,0
2026-08-17,102195,google,cpc,Remarketing_Site,mobile,1,0,2,45.0,no_key_event,0
2026-08-17,102196,facebook,cpc,FB_Promo_Avaliacao,desktop,1,0,1,3.0,no_key_event,0
2026-08-17,102197,google,organic,(not set),desktop,1,0,1,18.0,no_key_event,0
2026-08-17,102198,google,cpc,Pesquisa_Clareamento,desktop,1,1,1,57.0,no_key_event,0
2026-08-17,102199,google,cpc,Pesquisa_Ortodontia,mobile,1,0,2,33.0,no_key_event,0
2026-08-17,102191,facebook,cpc,FB_Promo_Avaliacao,mobile,1,0,1,42.0,no_key_event,0
2026-08-17,102201,google,maps,(not set),mobile,1,1,2,88.0,no_key_event,0
2026-08-17,102200,instagram,social,(not set),mobile,1,0,2,3.0,no_key_event,0
2026-08-17,102210,(direct),(none),(not set),mobile,1,1,1,43.0,no_key_event,0
2026-08-17,102208,(direct),(none),(not set),mobile,1,1,3,95.0,click_whatsapp,1
2026-08-17,102207,facebook,cpc,FB_Promo_Avaliacao,desktop,1,1,1,79.0,no_key_event,0
2026-08-17,102209,google,organic,(not set),mobile,1,1,2,63.0,no_key_event,0
2026-08-17,102205,google,maps,(not set),desktop,1,1,4,126.0,click_whatsapp,1
2026-08-17,102204,google,cpc,Pesquisa_Ortodontia,mobile,1,1,3,101.0,no_key_event,0
2026-08-17,102203,google,cpc,Pesquisa_Implantes,mobile,1,0,1,3.0,no_key_event,0
2026-08-17,102202,google,cpc,Pesquisa_Implantes,mobile,1,1,2,94.0,no_key_event,0
2026-08-17,102206,google,cpc,Remarketing_Site,desktop,1,1,1,71.0,no_key_event,0
2026-08-18,102296,google,maps,(not set),mobile,1,1,2,59.0,click_whatsapp,1
2026-08-18,102290,(direct),(none),(not set),mobile,1,1,2,77.0,no_key_event,0
2026-08-18,102295,(direct),(none),(not set),mobile,1,1,1,98.0,no_key_event,0
2026-08-18,102294,instagram,social,(not set),mobile,1,0,4,42.0,no_key_event,0
2026-08-18,102293,google,cpc,Pesquisa_Clareamento,desktop,1,1,2,56.0,no_key_event,0
2026-08-18,102292,(direct),(none),(not set),mobile,1,1,2,89.0,no_key_event,0
2026-08-18,102291,facebook,cpc,FB_Promo_Avaliacao,mobile,1,0,4,22.0,no_key_event,0
2026-08-18,102289,google,cpc,Remarketing_Site,mobile,1,0,1,32.0,no_key_event,0
2026-08-18,102283,google,organic,(not set),desktop,1,1,3,107.0,no_key_event,0
2026-08-18,102287,google,organic,(not set),desktop,1,1,3,53.0,no_key_event,0
2026-08-18,102286,google,cpc,Pesquisa_Clareamento,mobile,1,1,1,103.0,no_key_event,0
2026-08-18,102285,instagram,social,(not set),mobile,1,0,3,31.0,no_key_event,0
2026-08-18,102284,facebook,cpc,FB_Implantes_Video,mobile,1,0,2,27.0,no_key_event,0
2026-08-18,102282,google,cpc,Pesquisa_Implantes,mobile,1,0,1,3.0,no_key_event,0
2026-08-18,102281,(direct),(none),(not set),mobile,1,1,2,78.0,no_key_event,0
2026-08-18,102280,google,cpc,Pesquisa_Ortodontia,desktop,1,0,1,34.0,no_key_event,0
2026-08-18,102297,google,organic,(not set),mobile,1,1,3,74.0,no_key_event,0
2026-08-18,102288,(direct),(none),(not set),mobile,1,1,1,43.0,no_key_event,0
2026-08-18,102298,google,organic,(not set),mobile,1,1,2,97.0,click_whatsapp,1
2026-08-18,102279,google,cpc,Pesquisa_Ortodontia,desktop,1,0,4,24.0,no_key_event,0
2026-08-18,102300,google,cpc,Pesquisa_Implantes,mobile,1,1,2,71.0,no_key_event,0
2026-08-18,102317,google,cpc,Remarketing_Site,mobile,1,1,2,100.0,no_key_event,0
2026-08-18,102316,google,cpc,Remarketing_Site,tablet,1,1,2,45.0,no_key_event,0
2026-08-18,102315,google,cpc,Pesquisa_Implantes,mobile,1,0,1,3.0,no_key_event,0
2026-08-18,102314,google,cpc,Pesquisa_Implantes,mobile,1,1,1,59.0,no_key_event,0
2026-08-18,102313,instagram,social,(not set),mobile,1,0,2,3.0,no_key_event,0
2026-08-18,102312,instagram,social,(not set),mobile,1,1,1,74.0,no_key_event,0
2026-08-18,102311,facebook,cpc,FB_Promo_Avaliacao,mobile,1,0,1,3.0,no_key_event,0
2026-08-18,102310,facebook,cpc,FB_Promo_Avaliacao,mobile,1,1,4,46.0,no_key_event,0
2026-08-18,102309,google,cpc,Pesquisa_Clareamento,mobile,1,1,4,77.0,no_key_event,0
2026-08-18,102308,(direct),(none),(not set),mobile,1,1,2,130.0,click_whatsapp,1
2026-08-18,102307,(direct),(none),(not set),mobile,1,0,1,41.0,no_key_event,0
2026-08-18,102306,(direct),(none),(not set),mobile,1,1,1,89.0,no_key_event,0
2026-08-18,102305,google,cpc,Pesquisa_Implantes,tablet,1,0,1,23.0,no_key_event,0
2026-08-18,102304,google,cpc,Pesquisa_Clareamento,mobile,1,1,2,73.0,no_key_event,0
2026-08-18,102303,google,cpc,Remarketing_Site,mobile,1,0,1,18.0,no_key_event,0
2026-08-18,102302,google,cpc,Pesquisa_Implantes,mobile,1,0,3,39.0,no_key_event,0
2026-08-18,102301,google,cpc,Pesquisa_Clareamento,mobile,1,1,4,11.0,click_whatsapp,1
2026-08-18,102299,google,cpc,Pesquisa_Clareamento,mobile,1,1,1,66.0,no_key_event,0
2026-08-18,102278,google,cpc,Pesquisa_Clareamento,desktop,1,1,1,90.0,no_key_event,0
2026-08-18,102257,instagram,social,(not set),mobile,1,0,1,3.0,no_key_event,0
2026-08-18,102276,instagram,social,(not set),mobile,1,0,1,22.0,no_key_event,0
2026-08-18,102254,google,organic,(not set),desktop,1,1,1,82.0,no_key_event,0
2026-08-18,102253,google,cpc,Remarketing_Site,mobile,1,1,2,66.0,no_key_event,0
2026-08-18,102252,google,organic,(not set),mobile,1,1,2,87.0,no_key_event,0
2026-08-18,102251,google,cpc,Remarketing_Site,mobile,1,1,2,98.0,no_key_event,0
2026-08-18,102250,google,cpc,Pesquisa_Implantes,desktop,1,0,2,27.0,no_key_event,0
2026-08-18,102249,google,organic,(not set),mobile,1,0,1,3.0,no_key_event,0
2026-08-18,102247,google,maps,(not set),desktop,1,0,1,17.0,no_key_event,0
2026-08-18,102255,instagram,social,(not set),desktop,1,0,4,45.0,no_key_event,0
2026-08-18,102246,google,cpc,Pesquisa_Ortodontia,mobile,1,0,2,3.0,no_key_event,0
2026-08-18,102244,google,cpc,Remarketing_Site,desktop,1,1,4,90.0,no_key_event,0
2026-08-18,102243,(direct),(none),(not set),desktop,1,1,2,42.0,no_key_event,0
2026-08-18,102242,google,cpc,Remarketing_Site,mobile,1,0,2,11.0,no_key_event,0
2026-08-18,102241,google,cpc,Pesquisa_Clareamento,mobile,1,1,2,76.0,no_key_event,0
2026-08-18,102240,google,cpc,Pesquisa_Clareamento,desktop,1,1,3,60.0,no_key_event,0
2026-08-18,102239,google,cpc,Pesquisa_Ortodontia,desktop,1,1,1,61.0,no_key_event,0
2026-08-18,102238,google,organic,(not set),mobile,1,1,4,40.0,no_key_event,0
2026-08-18,102245,google,organic,(not set),mobile,1,1,2,73.0,click_whatsapp,1
2026-08-18,102256,google,cpc,Pesquisa_Clareamento,mobile,1,0,3,3.0,no_key_event,0
2026-08-18,102248,google,cpc,Remarketing_Site,mobile,1,0,3,31.0,no_key_event,0
2026-08-18,102258,google,cpc,Pesquisa_Ortodontia,mobile,1,1,1,78.0,no_key_event,0
2026-08-18,102277,instagram,social,(not set),desktop,1,0,4,63.0,no_key_event,0
2026-08-18,102274,google,cpc,Remarketing_Site,mobile,1,0,1,29.0,no_key_event,0
2026-08-18,102273,google,cpc,Pesquisa_Clareamento,mobile,1,1,1,68.0,no_key_event,0
2026-08-18,102272,google,cpc,Pesquisa_Ortodontia,desktop,1,0,1,44.0,no_key_event,0
2026-08-18,102271,google,organic,(not set),mobile,1,0,1,33.0,no_key_event,0
2026-08-18,102270,instagram,social,(not set),desktop,1,1,2,57.0,no_key_event,0
2026-08-18,102269,google,cpc,Pesquisa_Ortodontia,desktop,1,1,1,76.0,no_key_event,0
2026-08-18,102268,google,cpc,Remarketing_Site,mobile,1,1,1,73.0,no_key_event,0
2026-08-18,102267,(direct),(none),(not set),mobile,1,1,2,35.0,no_key_event,0
2026-08-18,102275,google,cpc,Pesquisa_Clareamento,mobile,1,1,1,24.0,no_key_event,0
2026-08-18,102265,google,cpc,Pesquisa_Implantes,mobile,1,1,3,103.0,no_key_event,0
2026-08-18,102264,google,organic,(not set),desktop,1,1,2,99.0,no_key_event,0
2026-08-18,102263,google,organic,(not set),mobile,1,1,1,65.0,no_key_event,0
2026-08-18,102262,google,cpc,Remarketing_Site,mobile,1,1,2,79.0,no_key_event,0
2026-08-18,102261,facebook,cpc,FB_Promo_Avaliacao,mobile,1,1,1,83.0,no_key_event,0
2026-08-18,102260,google,cpc,Pesquisa_Ortodontia,mobile,1,0,1,13.0,no_key_event,0
2026-08-18,102259,google,cpc,Pesquisa_Ortodontia,mobile,1,0,3,56.0,no_key_event,0
2026-08-18,102266,google,organic,(not set),mobile,1,0,3,16.0,no_key_event,0
2026-08-19,102337,google,cpc,Pesquisa_Implantes,mobile,1,0,1,3.0,no_key_event,0
2026-08-19,102338,google,organic,(not set),mobile,1,1,1,26.0,no_key_event,0
2026-08-19,102339,google,maps,(not set),mobile,1,1,2,99.0,click_whatsapp,1
2026-08-19,102340,google,cpc,Pesquisa_Clareamento,desktop,1,0,2,3.0,no_key_event,0
2026-08-19,102341,google,cpc,Remarketing_Site,mobile,1,1,1,68.0,click_whatsapp,1
2026-08-19,102342,google,maps,(not set),mobile,1,0,1,18.0,no_key_event,0
2026-08-19,102343,google,organic,(not set),mobile,1,1,2,70.0,no_key_event,0
2026-08-19,102344,google,cpc,Pesquisa_Implantes,mobile,1,0,1,30.0,no_key_event,0
2026-08-19,102349,google,cpc,Pesquisa_Implantes,mobile,1,0,1,3.0,no_key_event,0
2026-08-19,102346,google,cpc,Remarketing_Site,mobile,1,1,2,53.0,click_whatsapp,1
2026-08-19,102347,instagram,social,(not set),desktop,1,0,2,11.0,no_key_event,0
2026-08-19,102348,google,cpc,Pesquisa_Ortodontia,desktop,1,0,4,37.0,no_key_event,0
2026-08-19,102350,facebook,cpc,FB_Promo_Avaliacao,mobile,1,1,1,44.0,no_key_event,0
2026-08-19,102351,facebook,cpc,FB_Promo_Avaliacao,mobile,1,0,1,3.0,no_key_event,0
2026-08-19,102352,facebook,cpc,FB_Implantes_Video,mobile,1,1,2,42.0,no_key_event,0
2026-08-19,102353,google,cpc,Pesquisa_Clareamento,mobile,1,1,2,44.0,no_key_event,0
2026-08-19,102345,google,cpc,Remarketing_Site,mobile,1,1,3,86.0,no_key_event,0
2026-08-19,102336,google,cpc,Pesquisa_Clareamento,mobile,1,0,1,3.0,no_key_event,0
2026-08-19,102354,instagram,social,(not set),desktop,1,0,2,37.0,no_key_event,0
2026-08-19,102334,(direct),(none),(not set),desktop,1,1,1,110.0,no_key_event,0
2026-08-19,102335,google,maps,(not set),mobile,1,1,3,74.0,no_key_event,0
2026-08-19,102318,google,cpc,Pesquisa_Ortodontia,mobile,1,1,2,74.0,no_key_event,0
2026-08-19,102319,google,maps,(not set),mobile,1,1,1,98.0,no_key_event,0
2026-08-19,102320,(direct),(none),(not set),mobile,1,1,2,58.0,no_key_event,0
2026-08-19,102322,google,cpc,Remarketing_Site,desktop,1,0,1,29.0,no_key_event,0
2026-08-19,102323,facebook,cpc,FB_Promo_Avaliacao,mobile,1,1,1,59.0,no_key_event,0
2026-08-19,102324,facebook,cpc,FB_Implantes_Video,desktop,1,0,2,3.0,no_key_event,0
2026-08-19,102325,google,maps,(not set),tablet,1,0,4,54.0,no_key_event,0
2026-08-19,102321,google,organic,(not set),mobile,1,1,2,56.0,no_key_event,0
2026-08-19,102327,google,maps,(not set),mobile,1,1,1,93.0,no_key_event,0
2026-08-19,102326,(direct),(none),(not set),mobile,1,1,1,59.0,no_key_event,0
2026-08-19,102332,google,cpc,Pesquisa_Implantes,mobile,1,1,4,58.0,no_key_event,0
2026-08-19,102331,google,cpc,Pesquisa_Implantes,desktop,1,0,3,3.0,no_key_event,0
2026-08-19,102333,facebook,cpc,FB_Promo_Avaliacao,mobile,1,0,2,3.0,no_key_event,0
2026-08-19,102329,google,cpc,Remarketing_Site,mobile,1,1,2,47.0,no_key_event,0
2026-08-19,102328,google,maps,(not set),mobile,1,0,1,3.0,no_key_event,0
2026-08-19,102330,instagram,social,(not set),mobile,1,1,1,55.0,no_key_event,0
2026-08-20,102391,google,cpc,Pesquisa_Implantes,mobile,1,0,1,18.0,no_key_event,0
2026-08-20,102382,google,maps,(not set),mobile,1,1,3,87.0,click_whatsapp,1
2026-08-20,102384,google,cpc,Pesquisa_Implantes,desktop,1,1,2,97.0,no_key_event,0
2026-08-20,102385,google,cpc,Pesquisa_Ortodontia,desktop,1,1,2,7.0,no_key_event,0
2026-08-20,102386,instagram,social,(not set),desktop,1,1,3,80.0,no_key_event,0
2026-08-20,102387,instagram,social,(not set),mobile,1,0,1,19.0,no_key_event,0
2026-08-20,102388,facebook,cpc,FB_Promo_Avaliacao,desktop,1,0,1,48.0,no_key_event,0
2026-08-20,102389,google,organic,(not set),mobile,1,1,2,11.0,no_key_event,0
2026-08-20,102390,google,cpc,Pesquisa_Ortodontia,desktop,1,0,1,25.0,no_key_event,0
2026-08-20,102392,google,organic,(not set),desktop,1,1,2,88.0,no_key_event,0
2026-08-20,102401,google,cpc,Pesquisa_Clareamento,desktop,1,1,4,95.0,no_key_event,0
2026-08-20,102394,google,cpc,Pesquisa_Clareamento,mobile,1,1,3,41.0,no_key_event,0
2026-08-20,102395,google,maps,(not set),mobile,1,1,2,77.0,no_key_event,0
2026-08-20,102396,instagram,social,(not set),mobile,1,1,3,87.0,no_key_event,0
2026-08-20,102397,instagram,social,(not set),mobile,1,1,2,28.0,no_key_event,0
2026-08-20,102398,instagram,social,(not set),mobile,1,0,4,17.0,no_key_event,0
2026-08-20,102399,(direct),(none),(not set),mobile,1,0,1,3.0,no_key_event,0
2026-08-20,102400,google,organic,(not set),mobile,1,1,2,98.0,no_key_event,0
2026-08-20,102381,google,cpc,Pesquisa_Clareamento,mobile,1,1,2,117.0,no_key_event,0
2026-08-20,102402,instagram,social,(not set),mobile,1,0,1,14.0,no_key_event,0
2026-08-20,102403,google,organic,(not set),mobile,1,0,1,37.0,no_key_event,0
2026-08-20,102404,google,organic,(not set),mobile,1,0,2,57.0,no_key_event,0
2026-08-20,102393,google,cpc,Pesquisa_Clareamento,mobile,1,0,3,18.0,no_key_event,0
2026-08-20,102380,google,cpc,Pesquisa_Ortodontia,mobile,1,1,1,39.0,click_whatsapp,1
2026-08-20,102383,instagram,social,(not set),mobile,1,0,2,46.0,no_key_event,0
2026-08-20,102378,google,organic,(not set),mobile,1,0,3,3.0,no_key_event,0
2026-08-20,102379,google,organic,(not set),mobile,1,1,1,58.0,no_key_event,0
2026-08-20,102355,instagram,social,(not set),tablet,1,0,2,37.0,no_key_event,0
2026-08-20,102356,google,cpc,Remarketing_Site,desktop,1,0,4,37.0,no_key_event,0
2026-08-20,102357,instagram,social,(not set),desktop,1,1,1,112.0,no_key_event,0
2026-08-20,102358,google,maps,(not set),mobile,1,0,1,3.0,no_key_event,0
2026-08-20,102359,(direct),(none),(not set),mobile,1,1,1,76.0,no_key_event,0
2026-08-20,102361,(direct),(none),(not set),desktop,1,1,2,30.0,no_key_event,0
2026-08-20,102362,google,organic,(not set),mobile,1,1,3,66.0,no_key_event,0
2026-08-20,102363,google,cpc,Pesquisa_Ortodontia,mobile,1,0,2,71.0,no_key_event,0
2026-08-20,102364,(direct),(none),(not set),mobile,1,1,1,75.0,no_key_event,0
2026-08-20,102365,google,cpc,Remarketing_Site,mobile,1,1,1,36.0,no_key_event,0
2026-08-20,102360,instagram,social,(not set),desktop,1,0,1,52.0,no_key_event,0
2026-08-20,102367,instagram,social,(not set),mobile,1,0,2,41.0,no_key_event,0
2026-08-20,102377,google,cpc,Pesquisa_Ortodontia,desktop,1,1,1,92.0,no_key_event,0
2026-08-20,102366,google,organic,(not set),desktop,1,1,1,62.0,no_key_event,0
2026-08-20,102376,google,cpc,Pesquisa_Clareamento,desktop,1,0,4,42.0,no_key_event,0
2026-08-20,102375,(direct),(none),(not set),desktop,1,0,4,6.0,no_key_event,0
2026-08-20,102373,facebook,cpc,FB_Implantes_Video,mobile,1,0,4,17.0,no_key_event,0
2026-08-20,102374,google,cpc,Pesquisa_Ortodontia,mobile,1,1,1,97.0,no_key_event,0
2026-08-20,102371,google,cpc,Pesquisa_Implantes,mobile,1,1,2,143.0,no_key_event,0
2026-08-20,102370,(direct),(none),(not set),mobile,1,0,1,59.0,no_key_event,0
2026-08-20,102369,google,organic,(not set),mobile,1,0,1,6.0,no_key_event,0
2026-08-20,102368,google,cpc,Pesquisa_Ortodontia,mobile,1,1,2,66.0,click_whatsapp,1
2026-08-20,102372,google,cpc,Pesquisa_Ortodontia,mobile,1,0,2,14.0,no_key_event,0
2026-08-21,102442,google,cpc,Pesquisa_Clareamento,tablet,1,1,4,87.0,no_key_event,0
2026-08-21,102439,google,cpc,Pesquisa_Implantes,desktop,1,0,1,8.0,no_key_event,0
2026-08-21,102441,facebook,cpc,FB_Promo_Avaliacao,mobile,1,1,4,128.0,no_key_event,0
2026-08-21,102440,instagram,social,(not set),desktop,1,1,1,65.0,no_key_event,0
2026-08-21,102438,facebook,cpc,FB_Promo_Avaliacao,mobile,1,0,1,3.0,no_key_event,0
2026-08-21,102433,google,cpc,Pesquisa_Ortodontia,desktop,1,1,1,97.0,no_key_event,0
2026-08-21,102436,google,cpc,Pesquisa_Clareamento,mobile,1,1,1,50.0,no_key_event,0
2026-08-21,102435,google,cpc,Pesquisa_Clareamento,mobile,1,0,1,11.0,no_key_event,0
2026-08-21,102434,instagram,social,(not set),mobile,1,1,2,20.0,no_key_event,0
2026-08-21,102443,google,organic,(not set),desktop,1,0,3,38.0,no_key_event,0
2026-08-21,102437,google,maps,(not set),desktop,1,1,2,62.0,click_whatsapp,1
2026-08-21,102444,google,organic,(not set),mobile,1,1,1,47.0,no_key_event,0
2026-08-21,102456,google,organic,(not set),mobile,1,0,2,8.0,no_key_event,0
2026-08-21,102446,google,maps,(not set),desktop,1,0,4,3.0,no_key_event,0
2026-08-21,102447,instagram,social,(not set),mobile,1,0,1,45.0,no_key_event,0
2026-08-21,102448,google,cpc,Pesquisa_Clareamento,desktop,1,1,4,91.0,no_key_event,0
2026-08-21,102449,(direct),(none),(not set),desktop,1,0,3,25.0,no_key_event,0
2026-08-21,102457,(direct),(none),(not set),mobile,1,1,1,50.0,no_key_event,0
2026-08-21,102451,google,organic,(not set),desktop,1,1,3,85.0,no_key_event,0
2026-08-21,102452,facebook,cpc,FB_Implantes_Video,mobile,1,1,4,81.0,no_key_event,0
2026-08-21,102453,google,cpc,Pesquisa_Clareamento,desktop,1,1,1,82.0,no_key_event,0
2026-08-21,102454,google,maps,(not set),desktop,1,1,3,29.0,click_whatsapp,1
2026-08-21,102455,google,cpc,Pesquisa_Clareamento,desktop,1,1,1,51.0,no_key_event,0
2026-08-21,102432,google,cpc,Pesquisa_Ortodontia,tablet,1,1,1,81.0,no_key_event,0
2026-08-21,102445,google,cpc,Pesquisa_Ortodontia,desktop,1,1,1,75.0,no_key_event,0
2026-08-21,102431,instagram,social,(not set),mobile,1,1,1,24.0,no_key_event,0
2026-08-21,102450,google,cpc,Pesquisa_Ortodontia,mobile,1,0,2,3.0,no_key_event,0
2026-08-21,102429,instagram,social,(not set),mobile,1,0,1,18.0,no_key_event,0
2026-08-21,102430,google,organic,(not set),mobile,1,1,1,66.0,no_key_event,0
2026-08-21,102405,instagram,social,(not set),mobile,1,1,1,56.0,no_key_event,0
2026-08-21,102406,google,cpc,Pesquisa_Ortodontia,desktop,1,0,4,43.0,no_key_event,0
2026-08-21,102407,(direct),(none),(not set),mobile,1,0,1,35.0,no_key_event,0
2026-08-21,102408,google,organic,(not set),mobile,1,1,2,77.0,click_whatsapp,1
2026-08-21,102409,facebook,cpc,FB_Implantes_Video,mobile,1,0,3,25.0,no_key_event,0
2026-08-21,102410,google,cpc,Pesquisa_Clareamento,tablet,1,0,1,36.0,no_key_event,0
2026-08-21,102411,google,cpc,Pesquisa_Implantes,mobile,1,1,1,34.0,no_key_event,0
2026-08-21,102413,google,cpc,Pesquisa_Implantes,mobile,1,0,1,3.0,no_key_event,0
2026-08-21,102414,google,cpc,Pesquisa_Implantes,desktop,1,0,1,15.0,no_key_event,0
2026-08-21,102415,google,cpc,Remarketing_Site,mobile,1,0,1,27.0,no_key_event,0
2026-08-21,102416,google,organic,(not set),mobile,1,1,1,79.0,no_key_event,0
2026-08-21,102412,facebook,cpc,FB_Implantes_Video,mobile,1,0,2,15.0,no_key_event,0
2026-08-21,102418,instagram,social,(not set),mobile,1,0,2,28.0,no_key_event,0
2026-08-21,102428,google,cpc,Pesquisa_Clareamento,mobile,1,1,2,57.0,click_whatsapp,1
2026-08-21,102417,google,cpc,Pesquisa_Implantes,mobile,1,1,3,86.0,no_key_event,0
2026-08-21,102426,google,cpc,Pesquisa_Implantes,mobile,1,1,4,15.0,no_key_event,0
2026-08-21,102425,google,cpc,Pesquisa_Implantes,mobile,1,1,1,67.0,no_key_event,0
2026-08-21,102424,facebook,cpc,FB_Promo_Avaliacao,mobile,1,1,1,66.0,no_key_event,0
2026-08-21,102427,(direct),(none),(not set),mobile,1,1,1,64.0,no_key_event,0
2026-08-21,102422,google,maps,(not set),mobile,1,1,1,69.0,click_whatsapp,1
2026-08-21,102421,google,cpc,Pesquisa_Clareamento,mobile,1,1,3,48.0,click_whatsapp,1
2026-08-21,102420,google,cpc,Pesquisa_Clareamento,mobile,1,1,2,88.0,no_key_event,0
2026-08-21,102419,google,cpc,Remarketing_Site,mobile,1,1,1,92.0,no_key_event,0
2026-08-21,102423,facebook,cpc,FB_Promo_Avaliacao,desktop,1,0,1,3.0,no_key_event,0
2026-08-22,102470,(direct),(none),(not set),desktop,1,1,4,123.0,no_key_event,0
2026-08-22,102479,facebook,cpc,FB_Promo_Avaliacao,tablet,1,1,2,68.0,no_key_event,0
2026-08-22,102478,google,cpc,Pesquisa_Clareamento,mobile,1,0,1,37.0,no_key_event,0
2026-08-22,102476,google,maps,(not set),mobile,1,1,2,47.0,no_key_event,0
2026-08-22,102475,google,cpc,Pesquisa_Clareamento,mobile,1,0,1,3.0,no_key_event,0
2026-08-22,102474,google,cpc,Pesquisa_Ortodontia,mobile,1,0,2,23.0,no_key_event,0
2026-08-22,102473,google,cpc,Remarketing_Site,tablet,1,1,4,67.0,no_key_event,0
2026-08-22,102472,instagram,social,(not set),mobile,1,1,1,63.0,no_key_event,0
2026-08-22,102471,google,cpc,Remarketing_Site,desktop,1,0,1,3.0,no_key_event,0
2026-08-22,102469,google,maps,(not set),mobile,1,1,2,101.0,no_key_event,0
2026-08-22,102477,instagram,social,(not set),tablet,1,0,3,28.0,no_key_event,0
2026-08-22,102467,google,organic,(not set),mobile,1,1,1,28.0,no_key_event,0
2026-08-22,102468,google,organic,(not set),mobile,1,1,2,67.0,no_key_event,0
2026-08-22,102458,google,organic,(not set),mobile,1,1,2,82.0,no_key_event,0
2026-08-22,102460,google,organic,(not set),mobile,1,1,2,86.0,no_key_event,0
2026-08-22,102461,google,cpc,Remarketing_Site,mobile,1,0,3,15.0,no_key_event,0
2026-08-22,102459,google,organic,(not set),desktop,1,0,3,3.0,no_key_event,0
2026-08-22,102463,instagram,social,(not set),mobile,1,0,4,9.0,no_key_event,0
2026-08-22,102464,instagram,social,(not set),mobile,1,0,1,3.0,no_key_event,0
2026-08-22,102465,google,organic,(not set),mobile,1,0,1,3.0,no_key_event,0
2026-08-22,102466,google,cpc,Pesquisa_Clareamento,mobile,1,0,4,37.0,no_key_event,0
2026-08-22,102462,google,cpc,Remarketing_Site,mobile,1,1,2,57.0,no_key_event,0
2026-08-23,102499,(direct),(none),(not set),mobile,1,1,1,102.0,no_key_event,0
2026-08-23,102491,google,cpc,Pesquisa_Ortodontia,desktop,1,1,1,115.0,no_key_event,0
2026-08-23,102498,instagram,social,(not set),mobile,1,0,3,14.0,no_key_event,0
2026-08-23,102497,facebook,cpc,FB_Implantes_Video,mobile,1,0,2,19.0,no_key_event,0
2026-08-23,102496,google,organic,(not set),mobile,1,0,1,3.0,no_key_event,0
2026-08-23,102494,google,cpc,Remarketing_Site,mobile,1,0,3,24.0,no_key_event,0
2026-08-23,102493,google,organic,(not set),mobile,1,1,1,76.0,no_key_event,0
2026-08-23,102492,(direct),(none),(not set),mobile,1,1,1,40.0,no_key_event,0
2026-08-23,102490,instagram,social,(not set),mobile,1,1,2,39.0,click_whatsapp,1
2026-08-23,102495,google,cpc,Remarketing_Site,mobile,1,0,4,3.0,no_key_event,0
2026-08-23,102488,google,maps,(not set),mobile,1,1,1,43.0,no_key_event,0
2026-08-23,102487,instagram,social,(not set),mobile,1,0,3,32.0,no_key_event,0
2026-08-23,102486,google,cpc,Pesquisa_Clareamento,mobile,1,1,1,72.0,no_key_event,0
2026-08-23,102485,google,organic,(not set),mobile,1,0,3,38.0,no_key_event,0
2026-08-23,102484,instagram,social,(not set),mobile,1,0,2,3.0,no_key_event,0
2026-08-23,102483,instagram,social,(not set),mobile,1,1,1,95.0,no_key_event,0
2026-08-23,102482,google,organic,(not set),mobile,1,0,1,41.0,no_key_event,0
2026-08-23,102481,google,cpc,Remarketing_Site,mobile,1,1,4,58.0,no_key_event,0
2026-08-23,102480,(direct),(none),(not set),mobile,1,1,2,73.0,no_key_event,0
2026-08-23,102489,google,cpc,Remarketing_Site,desktop,1,0,1,40.0,no_key_event,0
2026-08-24,102533,google,cpc,Remarketing_Site,mobile,1,1,2,46.0,no_key_event,0
2026-08-24,102532,google,cpc,Pesquisa_Clareamento,mobile,1,1,1,96.0,no_key_event,0
2026-08-24,102531,(direct),(none),(not set),mobile,1,0,2,20.0,no_key_event,0
2026-08-24,102525,instagram,social,(not set),mobile,1,1,2,114.0,no_key_event,0
2026-08-24,102528,google,organic,(not set),tablet,1,1,1,60.0,no_key_event,0
2026-08-24,102527,google,cpc,Pesquisa_Clareamento,mobile,1,1,3,54.0,no_key_event,0
2026-08-24,102526,facebook,cpc,FB_Promo_Avaliacao,mobile,1,0,3,3.0,no_key_event,0
2026-08-24,102534,facebook,cpc,FB_Implantes_Video,mobile,1,0,2,56.0,no_key_event,0
2026-08-24,102529,google,cpc,Pesquisa_Implantes,tablet,1,1,2,42.0,no_key_event,0
2026-08-24,102535,google,maps,(not set),tablet,1,1,2,103.0,no_key_event,0
2026-08-24,102540,facebook,cpc,FB_Promo_Avaliacao,mobile,1,0,1,42.0,no_key_event,0
2026-08-24,102537,google,maps,(not set),mobile,1,1,2,98.0,no_key_event,0
2026-08-24,102538,google,cpc,Pesquisa_Clareamento,mobile,1,1,2,50.0,no_key_event,0
2026-08-24,102539,google,cpc,Remarketing_Site,mobile,1,0,1,3.0,no_key_event,0
2026-08-24,102541,google,cpc,Pesquisa_Clareamento,mobile,1,1,2,79.0,no_key_event,0
2026-08-24,102542,google,cpc,Pesquisa_Implantes,mobile,1,0,1,33.0,no_key_event,0
2026-08-24,102543,google,cpc,Pesquisa_Implantes,mobile,1,0,2,27.0,no_key_event,0
2026-08-24,102544,google,cpc,Remarketing_Site,mobile,1,0,3,82.0,no_key_event,0
2026-08-24,102545,instagram,social,(not set),mobile,1,0,2,20.0,no_key_event,0
2026-08-24,102546,google,cpc,Pesquisa_Clareamento,desktop,1,0,3,29.0,no_key_event,0
2026-08-24,102524,google,cpc,Pesquisa_Implantes,mobile,1,0,1,73.0,no_key_event,0
2026-08-24,102536,google,cpc,Pesquisa_Implantes,tablet,1,0,2,43.0,no_key_event,0
2026-08-24,102523,google,organic,(not set),mobile,1,1,2,79.0,no_key_event,0
2026-08-24,102530,google,cpc,Pesquisa_Clareamento,mobile,1,0,1,43.0,no_key_event,0
2026-08-24,102521,google,organic,(not set),desktop,1,1,2,66.0,no_key_event,0
2026-08-24,102522,google,organic,(not set),desktop,1,1,2,34.0,no_key_event,0
2026-08-24,102500,google,maps,(not set),mobile,1,1,3,83.0,click_whatsapp,1
2026-08-24,102502,google,maps,(not set),mobile,1,1,2,63.0,no_key_event,0
2026-08-24,102503,google,cpc,Pesquisa_Implantes,mobile,1,0,2,28.0,no_key_event,0
2026-08-24,102504,(direct),(none),(not set),mobile,1,1,1,82.0,no_key_event,0
2026-08-24,102505,google,cpc,Pesquisa_Clareamento,mobile,1,1,3,63.0,no_key_event,0
2026-08-24,102506,(direct),(none),(not set),desktop,1,1,1,62.0,no_key_event,0
2026-08-24,102507,instagram,social,(not set),mobile,1,0,3,36.0,no_key_event,0
2026-08-24,102508,google,maps,(not set),mobile,1,1,2,48.0,no_key_event,0
2026-08-24,102509,instagram,social,(not set),mobile,1,1,2,49.0,no_key_event,0
2026-08-24,102510,google,organic,(not set),mobile,1,0,1,3.0,no_key_event,0
2026-08-24,102501,google,cpc,Pesquisa_Ortodontia,mobile,1,1,1,66.0,no_key_event,0
2026-08-24,102512,google,cpc,Pesquisa_Clareamento,mobile,1,1,3,67.0,no_key_event,0
2026-08-24,102511,instagram,social,(not set),mobile,1,0,2,3.0,no_key_event,0
2026-08-24,102520,google,cpc,Pesquisa_Implantes,mobile,1,0,2,3.0,no_key_event,0
2026-08-24,102518,google,cpc,Remarketing_Site,mobile,1,1,1,70.0,no_key_event,0
2026-08-24,102517,google,cpc,Pesquisa_Clareamento,mobile,1,1,3,58.0,no_key_event,0
2026-08-24,102519,google,maps,(not set),mobile,1,1,1,83.0,no_key_event,0
2026-08-24,102515,google,cpc,Pesquisa_Ortodontia,mobile,1,1,1,104.0,no_key_event,0
2026-08-24,102514,facebook,cpc,FB_Promo_Avaliacao,mobile,1,0,4,30.0,no_key_event,0
2026-08-24,102513,google,cpc,Pesquisa_Ortodontia,mobile,1,1,3,51.0,click_whatsapp,1
2026-08-24,102516,instagram,social,(not set),mobile,1,0,1,49.0,no_key_event,0
2026-08-25,102571,facebook,cpc,FB_Promo_Avaliacao,mobile,1,1,2,124.0,no_key_event,0
2026-08-25,102572,google,cpc,Pesquisa_Ortodontia,mobile,1,1,3,100.0,no_key_event,0
2026-08-25,102579,instagram,social,(not set),mobile,1,1,1,104.0,no_key_event,0
2026-08-25,102573,google,cpc,Pesquisa_Implantes,mobile,1,0,3,33.0,no_key_event,0
2026-08-25,102574,instagram,social,(not set),mobile,1,0,3,38.0,no_key_event,0
2026-08-25,102575,google,cpc,Pesquisa_Implantes,desktop,1,0,2,43.0,no_key_event,0
2026-08-25,102577,google,cpc,Remarketing_Site,mobile,1,1,3,71.0,no_key_event,0
2026-08-25,102578,google,cpc,Remarketing_Site,mobile,1,0,1,5.0,no_key_event,0
2026-08-25,102580,facebook,cpc,FB_Implantes_Video,mobile,1,1,1,70.0,no_key_event,0
2026-08-25,102584,google,cpc,Pesquisa_Ortodontia,desktop,1,1,2,78.0,no_key_event,0
2026-08-25,102582,instagram,social,(not set),mobile,1,0,2,50.0,no_key_event,0
2026-08-25,102583,google,cpc,Pesquisa_Ortodontia,mobile,1,1,1,67.0,no_key_event,0
2026-08-25,102585,google,cpc,Pesquisa_Clareamento,mobile,1,1,2,45.0,no_key_event,0
2026-08-25,102586,instagram,social,(not set),mobile,1,0,1,31.0,no_key_event,0
2026-08-25,102587,google,cpc,Pesquisa_Ortodontia,mobile,1,1,1,66.0,no_key_event,0
2026-08-25,102588,google,cpc,Pesquisa_Clareamento,mobile,1,0,1,62.0,no_key_event,0
2026-08-25,102589,instagram,social,(not set),mobile,1,0,1,28.0,no_key_event,0
2026-08-25,102570,google,organic,(not set),mobile,1,1,2,113.0,click_whatsapp,1
2026-08-25,102590,google,cpc,Remarketing_Site,mobile,1,1,2,67.0,no_key_event,0
2026-08-25,102581,(direct),(none),(not set),tablet,1,0,1,3.0,no_key_event,0
2026-08-25,102569,google,cpc,Pesquisa_Implantes,mobile,1,0,3,3.0,no_key_event,0
2026-08-25,102576,google,cpc,Pesquisa_Ortodontia,mobile,1,1,1,65.0,no_key_event,0
2026-08-25,102567,google,cpc,Pesquisa_Clareamento,mobile,1,1,4,81.0,no_key_event,0
2026-08-25,102568,(direct),(none),(not set),tablet,1,0,1,33.0,no_key_event,0
2026-08-25,102547,(direct),(none),(not set),mobile,1,1,1,38.0,no_key_event,0
2026-08-25,102549,instagram,social,(not set),mobile,1,1,3,86.0,no_key_event,0
2026-08-25,102550,google,organic,(not set),mobile,1,1,2,27.0,no_key_event,0
2026-08-25,102551,google,cpc,Pesquisa_Clareamento,desktop,1,1,1,44.0,no_key_event,0
2026-08-25,102552,google,cpc,Pesquisa_Ortodontia,mobile,1,0,2,3.0,no_key_event,0
2026-08-25,102553,(direct),(none),(not set),tablet,1,1,2,67.0,no_key_event,0
2026-08-25,102554,(direct),(none),(not set),tablet,1,1,4,18.0,no_key_event,0
2026-08-25,102555,google,cpc,Pesquisa_Clareamento,mobile,1,1,1,67.0,no_key_event,0
2026-08-25,102556,facebook,cpc,FB_Implantes_Video,mobile,1,1,2,105.0,no_key_event,0
2026-08-25,102548,instagram,social,(not set),mobile,1,1,1,117.0,no_key_event,0
2026-08-25,102558,google,organic,(not set),desktop,1,0,3,51.0,no_key_event,0
2026-08-25,102557,instagram,social,(not set),desktop,1,0,4,23.0,no_key_event,0
2026-08-25,102564,google,cpc,Pesquisa_Ortodontia,mobile,1,0,1,26.0,no_key_event,0
2026-08-25,102563,google,cpc,Pesquisa_Implantes,mobile,1,1,2,87.0,no_key_event,0
2026-08-25,102565,google,cpc,Pesquisa_Clareamento,mobile,1,0,1,22.0,no_key_event,0
2026-08-25,102561,google,cpc,Pesquisa_Ortodontia,mobile,1,0,1,55.0,no_key_event,0
2026-08-25,102560,google,cpc,Pesquisa_Ortodontia,mobile,1,1,1,100.0,no_key_event,0
2026-08-25,102559,google,organic,(not set),desktop,1,0,1,31.0,no_key_event,0
2026-08-25,102562,google,cpc,Pesquisa_Clareamento,mobile,1,0,2,23.0,no_key_event,0
2026-08-25,102566,google,cpc,Pesquisa_Clareamento,tablet,1,0,1,33.0,no_key_event,0
2026-08-26,102646,facebook,cpc,FB_Promo_Avaliacao,mobile,1,0,2,31.0,no_key_event,0
2026-08-26,102640,google,cpc,Remarketing_Site,mobile,1,0,2,5.0,no_key_event,0
2026-08-26,102645,facebook,cpc,FB_Promo_Avaliacao,mobile,1,0,1,17.0,no_key_event,0
2026-08-26,102644,facebook,cpc,FB_Implantes_Video,mobile,1,0,1,14.0,no_key_event,0
2026-08-26,102643,google,cpc,Pesquisa_Implantes,mobile,1,0,3,3.0,no_key_event,0
2026-08-26,102642,google,organic,(not set),mobile,1,1,4,64.0,no_key_event,0
2026-08-26,102641,google,cpc,Pesquisa_Ortodontia,mobile,1,1,1,37.0,no_key_event,0
2026-08-26,102668,google,cpc,Pesquisa_Implantes,mobile,1,0,1,20.0,no_key_event,0
2026-08-26,102638,google,organic,(not set),mobile,1,0,2,15.0,no_key_event,0
2026-08-26,102637,google,cpc,Remarketing_Site,tablet,1,1,1,78.0,no_key_event,0
2026-08-26,102636,google,maps,(not set),mobile,1,1,2,105.0,no_key_event,0
2026-08-26,102635,google,organic,(not set),mobile,1,0,1,3.0,no_key_event,0
2026-08-26,102634,google,cpc,Pesquisa_Clareamento,mobile,1,1,4,43.0,no_key_event,0
2026-08-26,102633,(direct),(none),(not set),mobile,1,1,1,59.0,no_key_event,0
2026-08-26,102632,google,organic,(not set),mobile,1,1,4,100.0,no_key_event,0
2026-08-26,102647,google,cpc,Pesquisa_Ortodontia,mobile,1,1,2,50.0,no_key_event,0
2026-08-26,102639,google,maps,(not set),mobile,1,0,2,6.0,no_key_event,0
2026-08-26,102648,facebook,cpc,FB_Promo_Avaliacao,mobile,1,1,2,56.0,no_key_event,0
2026-08-26,102659,google,cpc,Remarketing_Site,mobile,1,0,1,3.0,no_key_event,0
2026-08-26,102650,google,cpc,Pesquisa_Clareamento,mobile,1,0,2,10.0,no_key_event,0
2026-08-26,102631,google,cpc,Pesquisa_Implantes,mobile,1,0,1,45.0,no_key_event,0
2026-08-26,102667,google,organic,(not set),tablet,1,1,1,73.0,no_key_event,0
2026-08-26,102666,(direct),(none),(not set),mobile,1,1,1,19.0,no_key_event,0
2026-08-26,102665,instagram,social,(not set),mobile,1,0,4,7.0,no_key_event,0
2026-08-26,102664,google,maps,(not set),mobile,1,0,4,3.0,no_key_event,0
2026-08-26,102663,google,maps,(not set),mobile,1,1,1,47.0,click_whatsapp,1
2026-08-26,102662,google,cpc,Remarketing_Site,mobile,1,0,2,5.0,no_key_event,0
2026-08-26,102661,google,organic,(not set),mobile,1,1,1,35.0,no_key_event,0
2026-08-26,102660,facebook,cpc,FB_Promo_Avaliacao,mobile,1,0,2,63.0,no_key_event,0
2026-08-26,102658,facebook,cpc,FB_Implantes_Video,mobile,1,1,2,68.0,no_key_event,0
2026-08-26,102657,google,organic,(not set),mobile,1,1,3,87.0,no_key_event,0
2026-08-26,102656,google,cpc,Pesquisa_Implantes,mobile,1,1,4,50.0,no_key_event,0
2026-08-26,102655,google,cpc,Pesquisa_Clareamento,mobile,1,0,1,35.0,no_key_event,0
2026-08-26,102654,google,cpc,Pesquisa_Ortodontia,mobile,1,0,4,3.0,no_key_event,0
2026-08-26,102653,instagram,social,(not set),mobile,1,0,1,22.0,no_key_event,0
2026-08-26,102652,facebook,cpc,FB_Implantes_Video,mobile,1,0,2,22.0,no_key_event,0
2026-08-26,102651,instagram,social,(not set),mobile,1,0,2,3.0,no_key_event,0
2026-08-26,102649,instagram,social,(not set),mobile,1,0,1,3.0,no_key_event,0
2026-08-26,102630,google,cpc,Pesquisa_Ortodontia,mobile,1,1,2,77.0,no_key_event,0
2026-08-26,102623,google,organic,(not set),mobile,1,1,1,89.0,click_whatsapp,1
2026-08-26,102628,(direct),(none),(not set),mobile,1,1,1,66.0,no_key_event,0
2026-08-26,102606,google,maps,(not set),mobile,1,1,1,70.0,no_key_event,0
2026-08-26,102605,google,cpc,Remarketing_Site,mobile,1,0,1,23.0,no_key_event,0
2026-08-26,102604,google,organic,(not set),mobile,1,1,4,48.0,click_whatsapp,1
2026-08-26,102603,google,organic,(not set),mobile,1,0,1,28.0,no_key_event,0
2026-08-26,102602,facebook,cpc,FB_Implantes_Video,desktop,1,1,3,71.0,no_key_event,0
2026-08-26,102601,facebook,cpc,FB_Promo_Avaliacao,mobile,1,0,2,9.0,no_key_event,0
2026-08-26,102599,google,maps,(not set),mobile,1,1,2,65.0,no_key_event,0
2026-08-26,102607,google,maps,(not set),mobile,1,1,1,65.0,click_whatsapp,1
2026-08-26,102598,instagram,social,(not set),mobile,1,1,3,48.0,no_key_event,0
2026-08-26,102596,google,cpc,Remarketing_Site,mobile,1,0,2,27.0,no_key_event,0
2026-08-26,102595,(direct),(none),(not set),tablet,1,1,1,45.0,no_key_event,0
2026-08-26,102594,google,cpc,Remarketing_Site,desktop,1,0,1,3.0,no_key_event,0
2026-08-26,102593,google,organic,(not set),mobile,1,1,3,45.0,no_key_event,0
2026-08-26,102592,facebook,cpc,FB_Promo_Avaliacao,mobile,1,0,1,20.0,no_key_event,0
2026-08-26,102591,google,cpc,Remarketing_Site,mobile,1,0,3,10.0,no_key_event,0
2026-08-26,102629,instagram,social,(not set),desktop,1,1,1,81.0,no_key_event,0
2026-08-26,102597,google,organic,(not set),mobile,1,1,1,34.0,click_whatsapp,1
2026-08-26,102608,google,cpc,Pesquisa_Ortodontia,desktop,1,1,2,104.0,no_key_event,0
2026-08-26,102600,facebook,cpc,FB_Implantes_Video,desktop,1,1,1,91.0,no_key_event,0
2026-08-26,102610,google,organic,(not set),desktop,1,1,3,73.0,no_key_event,0
2026-08-26,102627,google,cpc,Pesquisa_Clareamento,mobile,1,1,1,17.0,no_key_event,0
2026-08-26,102609,(direct),(none),(not set),mobile,1,1,2,51.0,no_key_event,0
2026-08-26,102626,google,maps,(not set),mobile,1,1,1,54.0,no_key_event,0
2026-08-26,102625,google,organic,(not set),mobile,1,1,1,74.0,no_key_event,0
2026-08-26,102624,instagram,social,(not set),mobile,1,0,1,21.0,no_key_event,0
2026-08-26,102622,instagram,social,(not set),mobile,1,0,4,6.0,no_key_event,0
2026-08-26,102620,google,cpc,Pesquisa_Clareamento,mobile,1,1,2,48.0,no_key_event,0
2026-08-26,102619,instagram,social,(not set),desktop,1,0,2,32.0,no_key_event,0
2026-08-26,102621,google,cpc,Remarketing_Site,mobile,1,1,2,105.0,no_key_event,0
2026-08-26,102617,google,cpc,Pesquisa_Ortodontia,mobile,1,0,1,25.0,no_key_event,0
2026-08-26,102616,facebook,cpc,FB_Promo_Avaliacao,mobile,1,1,2,98.0,no_key_event,0
2026-08-26,102615,google,organic,(not set),mobile,1,1,1,58.0,no_key_event,0
2026-08-26,102614,google,cpc,Pesquisa_Clareamento,mobile,1,0,4,14.0,no_key_event,0
2026-08-26,102613,google,organic,(not set),mobile,1,1,1,34.0,no_key_event,0
2026-08-26,102612,instagram,social,(not set),mobile,1,1,1,86.0,no_key_event,0
2026-08-26,102611,google,cpc,Pesquisa_Ortodontia,desktop,1,0,2,21.0,no_key_event,0
2026-08-26,102618,google,organic,(not set),mobile,1,0,3,22.0,no_key_event,0
2026-08-27,102724,facebook,cpc,FB_Implantes_Video,mobile,1,0,1,3.0,no_key_event,0
2026-08-27,102718,google,cpc,Pesquisa_Ortodontia,mobile,1,1,2,31.0,click_whatsapp,1
2026-08-27,102722,google,maps,(not set),mobile,1,1,1,51.0,no_key_event,0
2026-08-27,102721,instagram,social,(not set),mobile,1,0,3,3.0,no_key_event,0
2026-08-27,102720,google,cpc,Remarketing_Site,tablet,1,1,4,68.0,no_key_event,0
2026-08-27,102719,google,cpc,Remarketing_Site,mobile,1,1,3,99.0,no_key_event,0
2026-08-27,102717,google,organic,(not set),mobile,1,1,1,82.0,no_key_event,0
2026-08-27,102709,facebook,cpc,FB_Implantes_Video,mobile,1,0,2,23.0,no_key_event,0
2026-08-27,102715,google,cpc,Pesquisa_Implantes,mobile,1,0,3,18.0,no_key_event,0
2026-08-27,102714,google,cpc,Pesquisa_Ortodontia,mobile,1,0,2,39.0,no_key_event,0
2026-08-27,102713,instagram,social,(not set),mobile,1,0,1,9.0,no_key_event,0
2026-08-27,102712,google,cpc,Pesquisa_Clareamento,mobile,1,0,1,3.0,no_key_event,0
2026-08-27,102711,instagram,social,(not set),mobile,1,0,2,3.0,no_key_event,0
2026-08-27,102710,instagram,social,(not set),mobile,1,1,2,41.0,no_key_event,0
2026-08-27,102725,google,cpc,Pesquisa_Clareamento,mobile,1,0,4,54.0,no_key_event,0
2026-08-27,102716,google,maps,(not set),mobile,1,1,4,108.0,click_whatsapp,1
2026-08-27,102726,google,organic,(not set),mobile,1,1,4,52.0,no_key_event,0
2026-08-27,102745,(direct),(none),(not set),mobile,1,1,4,21.0,click_whatsapp,1
2026-08-27,102728,instagram,social,(not set),desktop,1,1,2,56.0,no_key_event,0
2026-08-27,102708,google,cpc,Pesquisa_Ortodontia,mobile,1,1,1,36.0,no_key_event,0
2026-08-27,102744,facebook,cpc,FB_Promo_Avaliacao,mobile,1,0,3,30.0,no_key_event,0
2026-08-27,102743,google,cpc,Pesquisa_Implantes,mobile,1,0,3,22.0,no_key_event,0
2026-08-27,102742,(direct),(none),(not set),mobile,1,1,1,69.0,no_key_event,0
2026-08-27,102741,google,cpc,Pesquisa_Clareamento,mobile,1,0,3,33.0,no_key_event,0
2026-08-27,102740,google,cpc,Pesquisa_Ortodontia,mobile,1,1,2,55.0,no_key_event,0
2026-08-27,102739,(direct),(none),(not set),mobile,1,1,4,101.0,no_key_event,0
2026-08-27,102738,google,cpc,Remarketing_Site,mobile,1,0,1,3.0,no_key_event,0
2026-08-27,102737,(direct),(none),(not set),mobile,1,1,1,44.0,no_key_event,0
2026-08-27,102736,instagram,social,(not set),desktop,1,0,2,37.0,no_key_event,0
2026-08-27,102735,google,cpc,Remarketing_Site,mobile,1,0,2,15.0,no_key_event,0
2026-08-27,102734,google,organic,(not set),mobile,1,0,2,33.0,no_key_event,0
2026-08-27,102733,google,organic,(not set),mobile,1,0,1,3.0,no_key_event,0
2026-08-27,102732,google,cpc,Pesquisa_Ortodontia,mobile,1,1,2,9.0,no_key_event,0
2026-08-27,102731,google,cpc,Pesquisa_Implantes,mobile,1,1,2,56.0,no_key_event,0
2026-08-27,102730,google,maps,(not set),mobile,1,1,1,14.0,no_key_event,0
2026-08-27,102729,facebook,cpc,FB_Promo_Avaliacao,desktop,1,0,4,48.0,no_key_event,0
2026-08-27,102727,google,organic,(not set),mobile,1,1,1,73.0,no_key_event,0
2026-08-27,102707,google,cpc,Pesquisa_Ortodontia,mobile,1,0,2,3.0,no_key_event,0
2026-08-27,102723,google,cpc,Remarketing_Site,desktop,1,0,3,70.0,no_key_event,0
2026-08-27,102705,google,cpc,Pesquisa_Implantes,desktop,1,1,2,61.0,no_key_event,0
2026-08-27,102684,google,organic,(not set),mobile,1,0,3,51.0,no_key_event,0
2026-08-27,102683,google,cpc,Pesquisa_Clareamento,mobile,1,1,1,73.0,click_whatsapp,1
2026-08-27,102682,instagram,social,(not set),desktop,1,0,2,24.0,no_key_event,0
2026-08-27,102681,google,maps,(not set),mobile,1,1,2,69.0,no_key_event,0
2026-08-27,102680,(direct),(none),(not set),desktop,1,1,3,11.0,no_key_event,0
2026-08-27,102679,instagram,social,(not set),desktop,1,0,3,3.0,no_key_event,0
2026-08-27,102678,google,organic,(not set),mobile,1,1,3,46.0,no_key_event,0
2026-08-27,102685,google,cpc,Remarketing_Site,desktop,1,0,3,3.0,no_key_event,0
2026-08-27,102677,instagram,social,(not set),desktop,1,0,2,87.0,no_key_event,0
2026-08-27,102674,google,organic,(not set),mobile,1,0,2,3.0,no_key_event,0
2026-08-27,102673,(direct),(none),(not set),desktop,1,0,1,22.0,no_key_event,0
2026-08-27,102672,(direct),(none),(not set),mobile,1,1,2,81.0,no_key_event,0
2026-08-27,102671,google,cpc,Pesquisa_Implantes,mobile,1,0,1,3.0,no_key_event,0
2026-08-27,102670,google,cpc,Pesquisa_Implantes,mobile,1,1,2,55.0,no_key_event,0
2026-08-27,102669,google,cpc,Remarketing_Site,mobile,1,0,2,51.0,no_key_event,0
2026-08-27,102706,google,maps,(not set),mobile,1,1,1,42.0,no_key_event,0
2026-08-27,102675,google,cpc,Pesquisa_Clareamento,desktop,1,0,1,3.0,no_key_event,0
2026-08-27,102686,google,organic,(not set),desktop,1,1,1,74.0,no_key_event,0
2026-08-27,102676,google,cpc,Remarketing_Site,mobile,1,1,1,137.0,no_key_event,0
2026-08-27,102688,instagram,social,(not set),mobile,1,0,1,3.0,no_key_event,0
2026-08-27,102704,google,cpc,Pesquisa_Clareamento,mobile,1,1,1,66.0,no_key_event,0
2026-08-27,102687,instagram,social,(not set),mobile,1,1,1,41.0,no_key_event,0
2026-08-27,102703,google,cpc,Remarketing_Site,mobile,1,0,4,15.0,no_key_event,0
2026-08-27,102702,instagram,social,(not set),mobile,1,0,2,26.0,no_key_event,0
2026-08-27,102701,instagram,social,(not set),mobile,1,0,1,5.0,no_key_event,0
2026-08-27,102699,google,cpc,Pesquisa_Ortodontia,mobile,1,0,1,3.0,no_key_event,0
2026-08-27,102698,facebook,cpc,FB_Promo_Avaliacao,mobile,1,1,4,32.0,no_key_event,0
2026-08-27,102697,google,cpc,Pesquisa_Ortodontia,desktop,1,0,1,29.0,no_key_event,0
2026-08-27,102700,google,organic,(not set),mobile,1,1,2,78.0,click_whatsapp,1
2026-08-27,102696,google,cpc,Remarketing_Site,mobile,1,1,1,68.0,no_key_event,0
2026-08-27,102695,google,organic,(not set),mobile,1,1,2,103.0,no_key_event,0
2026-08-27,102694,instagram,social,(not set),mobile,1,0,2,3.0,no_key_event,0
2026-08-27,102693,google,cpc,Remarketing_Site,mobile,1,1,1,3.0,no_key_event,0
2026-08-27,102692,instagram,social,(not set),mobile,1,0,1,55.0,no_key_event,0
2026-08-27,102691,google,cpc,Pesquisa_Implantes,mobile,1,0,2,3.0,no_key_event,0
2026-08-27,102690,facebook,cpc,FB_Implantes_Video,desktop,1,1,2,57.0,no_key_event,0
2026-08-27,102689,facebook,cpc,FB_Implantes_Video,mobile,1,0,2,48.0,no_key_event,0
2026-08-28,102777,instagram,social,(not set),desktop,1,1,1,46.0,no_key_event,0
2026-08-28,102776,google,cpc,Remarketing_Site,mobile,1,0,1,3.0,no_key_event,0
2026-08-28,102775,google,cpc,Remarketing_Site,mobile,1,0,1,6.0,no_key_event,0
2026-08-28,102773,instagram,social,(not set),mobile,1,1,2,101.0,no_key_event,0
2026-08-28,102771,google,cpc,Pesquisa_Implantes,mobile,1,1,1,64.0,no_key_event,0
2026-08-28,102772,google,maps,(not set),tablet,1,1,1,69.0,no_key_event,0
2026-08-28,102778,(direct),(none),(not set),mobile,1,1,1,54.0,no_key_event,0
2026-08-28,102774,google,cpc,Pesquisa_Implantes,mobile,1,1,1,112.0,no_key_event,0
2026-08-28,102779,google,cpc,Remarketing_Site,desktop,1,1,1,61.0,no_key_event,0
2026-08-28,102788,facebook,cpc,FB_Promo_Avaliacao,desktop,1,1,2,63.0,no_key_event,0
2026-08-28,102781,google,organic,(not set),desktop,1,0,2,48.0,no_key_event,0
2026-08-28,102782,google,cpc,Pesquisa_Implantes,mobile,1,1,1,72.0,no_key_event,0
2026-08-28,102783,instagram,social,(not set),desktop,1,1,1,32.0,click_whatsapp,1
2026-08-28,102784,google,cpc,Pesquisa_Implantes,mobile,1,1,2,76.0,no_key_event,0
2026-08-28,102785,google,cpc,Pesquisa_Clareamento,mobile,1,1,1,76.0,no_key_event,0
2026-08-28,102786,google,cpc,Remarketing_Site,desktop,1,1,2,45.0,no_key_event,0
2026-08-28,102787,google,cpc,Remarketing_Site,mobile,1,1,4,96.0,no_key_event,0
2026-08-28,102789,google,cpc,Pesquisa_Implantes,mobile,1,1,3,61.0,no_key_event,0
2026-08-28,102790,(direct),(none),(not set),mobile,1,1,1,69.0,no_key_event,0
2026-08-28,102770,google,cpc,Pesquisa_Ortodontia,mobile,1,1,4,3.0,no_key_event,0
2026-08-28,102780,google,cpc,Pesquisa_Ortodontia,mobile,1,0,2,39.0,no_key_event,0
2026-08-28,102769,facebook,cpc,FB_Promo_Avaliacao,desktop,1,1,2,80.0,no_key_event,0
2026-08-28,102761,facebook,cpc,FB_Promo_Avaliacao,mobile,1,0,4,42.0,no_key_event,0
2026-08-28,102767,google,cpc,Pesquisa_Ortodontia,mobile,1,1,1,33.0,no_key_event,0
2026-08-28,102768,google,cpc,Pesquisa_Clareamento,desktop,1,1,1,75.0,no_key_event,0
2026-08-28,102746,google,organic,(not set),desktop,1,1,3,55.0,no_key_event,0
2026-08-28,102747,instagram,social,(not set),mobile,1,0,1,24.0,no_key_event,0
2026-08-28,102748,google,organic,(not set),desktop,1,1,2,84.0,no_key_event,0
2026-08-28,102749,google,organic,(not set),mobile,1,0,3,3.0,no_key_event,0
2026-08-28,102751,google,organic,(not set),mobile,1,1,1,39.0,no_key_event,0
2026-08-28,102752,google,cpc,Pesquisa_Implantes,tablet,1,0,4,33.0,no_key_event,0
2026-08-28,102753,google,cpc,Pesquisa_Clareamento,desktop,1,1,4,88.0,no_key_event,0
2026-08-28,102754,google,cpc,Pesquisa_Ortodontia,mobile,1,0,2,16.0,no_key_event,0
2026-08-28,102755,facebook,cpc,FB_Implantes_Video,desktop,1,0,2,44.0,no_key_event,0
2026-08-28,102750,google,cpc,Pesquisa_Ortodontia,desktop,1,0,2,30.0,no_key_event,0
2026-08-28,102757,google,organic,(not set),desktop,1,1,1,100.0,no_key_event,0
2026-08-28,102758,instagram,social,(not set),desktop,1,1,1,78.0,no_key_event,0
2026-08-28,102759,facebook,cpc,FB_Implantes_Video,mobile,1,1,2,60.0,no_key_event,0
2026-08-28,102760,google,organic,(not set),mobile,1,1,1,94.0,no_key_event,0
2026-08-28,102762,(direct),(none),(not set),desktop,1,0,1,5.0,no_key_event,0
2026-08-28,102763,instagram,social,(not set),mobile,1,0,2,16.0,no_key_event,0
2026-08-28,102764,facebook,cpc,FB_Implantes_Video,mobile,1,0,1,46.0,no_key_event,0
2026-08-28,102765,google,maps,(not set),tablet,1,1,1,61.0,no_key_event,0
2026-08-28,102756,google,cpc,Remarketing_Site,mobile,1,1,4,91.0,no_key_event,0
2026-08-28,102766,google,cpc,Remarketing_Site,mobile,1,1,2,106.0,click_whatsapp,1
2026-08-29,102805,instagram,social,(not set),mobile,1,1,4,121.0,no_key_event,0
2026-08-29,102806,google,organic,(not set),desktop,1,1,2,64.0,click_whatsapp,1
2026-08-29,102807,facebook,cpc,FB_Promo_Avaliacao,mobile,1,0,3,32.0,no_key_event,0
2026-08-29,102808,google,cpc,Pesquisa_Clareamento,tablet,1,0,1,23.0,no_key_event,0
2026-08-29,102812,google,cpc,Pesquisa_Ortodontia,mobile,1,0,4,64.0,no_key_event,0
2026-08-29,102810,google,cpc,Pesquisa_Ortodontia,mobile,1,0,1,59.0,no_key_event,0
2026-08-29,102811,instagram,social,(not set),mobile,1,1,1,86.0,no_key_event,0
2026-08-29,102813,google,cpc,Remarketing_Site,desktop,1,1,1,50.0,no_key_event,0
2026-08-29,102804,google,organic,(not set),mobile,1,1,1,96.0,no_key_event,0
2026-08-29,102809,google,cpc,Pesquisa_Clareamento,mobile,1,1,4,73.0,no_key_event,0
2026-08-29,102803,google,cpc,Pesquisa_Implantes,mobile,1,0,2,35.0,no_key_event,0
2026-08-29,102792,google,cpc,Pesquisa_Implantes,mobile,1,1,3,52.0,click_whatsapp,1
2026-08-29,102801,google,organic,(not set),mobile,1,1,1,12.0,no_key_event,0
2026-08-29,102800,instagram,social,(not set),desktop,1,1,1,54.0,no_key_event,0
2026-08-29,102799,google,cpc,Pesquisa_Implantes,desktop,1,0,1,8.0,no_key_event,0
2026-08-29,102798,instagram,social,(not set),mobile,1,1,1,95.0,no_key_event,0
2026-08-29,102797,google,cpc,Pesquisa_Clareamento,mobile,1,1,1,70.0,no_key_event,0
2026-08-29,102796,google,cpc,Pesquisa_Ortodontia,mobile,1,0,1,20.0,no_key_event,0
2026-08-29,102795,facebook,cpc,FB_Implantes_Video,mobile,1,1,2,93.0,no_key_event,0
2026-08-29,102794,google,cpc,Pesquisa_Implantes,mobile,1,1,2,41.0,no_key_event,0
2026-08-29,102793,google,organic,(not set),mobile,1,0,1,20.0,no_key_event,0
2026-08-29,102791,google,cpc,Pesquisa_Implantes,mobile,1,0,3,26.0,no_key_event,0
2026-08-29,102814,facebook,cpc,FB_Implantes_Video,mobile,1,1,4,74.0,no_key_event,0
2026-08-29,102802,google,organic,(not set),mobile,1,0,4,20.0,no_key_event,0
2026-08-29,102815,instagram,social,(not set),tablet,1,1,2,43.0,no_key_event,0
